id,city,product,price,qty,ts
0,Islamabad,p_95,17.56,2,2023-01-01 00:00:00
1,Islamabad,p_26,18.07,1,2023-01-01 01:00:00
2,Islamabad,p_3,19.02,1,2023-01-01 02:00:00
3,Islamabad,p_64,20.99,1,2023-01-01 03:00:00
4,Karachi,p_98,68.4,1,2023-01-01 04:00:00
5,Lahore,p_77,11.8,2,2023-01-01 05:00:00
6,Peshawar,p_24,18.24,4,2023-01-01 06:00:00
7,Lahore,p_18,2.25,4,2023-01-01 07:00:00
8,Quetta,p_70,7.93,2,2023-01-01 08:00:00
9,Lahore,p_63,14.9,0,2023-01-01 09:00:00
10,Quetta,p_8,61.07,2,2023-01-01 10:00:00
11,Karachi,p_97,15.78,2,2023-01-01 11:00:00
12,Lahore,p_52,12.76,3,2023-01-01 12:00:00
13,Lahore,p_30,6.78,2,2023-01-01 13:00:00
14,Quetta,p_68,44.82,1,2023-01-01 14:00:00
15,Quetta,p_3,3.93,1,2023-01-01 15:00:00
16,Islamabad,p_29,10.65,3,2023-01-01 16:00:00
17,Quetta,p_13,28.0,2,2023-01-01 17:00:00
18,Lahore,p_82,12.65,3,2023-01-01 18:00:00
19,Lahore,p_50,12.53,1,2023-01-01 19:00:00
20,Lahore,p_91,106.06,4,2023-01-01 20:00:00
21,Peshawar,p_8,8.59,1,2023-01-01 21:00:00
22,Quetta,p_64,34.62,2,2023-01-01 22:00:00
23,Quetta,p_16,7.66,3,2023-01-01 23:00:00
24,Islamabad,p_87,35.61,1,2023-01-02 00:00:00
25,Karachi,p_84,17.77,4,2023-01-02 01:00:00
26,Peshawar,p_71,31.0,0,2023-01-02 02:00:00
27,Quetta,p_83,14.8,0,2023-01-02 03:00:00
28,Quetta,p_9,11.3,1,2023-01-02 04:00:00
29,Peshawar,p_42,21.07,3,2023-01-02 05:00:00
30,Islamabad,p_26,35.88,2,2023-01-02 06:00:00
31,Lahore,p_72,46.76,5,2023-01-02 07:00:00
32,Quetta,p_10,14.71,1,2023-01-02 08:00:00
33,Quetta,p_53,24.9,0,2023-01-02 09:00:00
34,Lahore,p_52,18.41,0,2023-01-02 10:00:00
35,Karachi,p_74,5.24,1,2023-01-02 11:00:00
36,Lahore,p_64,14.22,1,2023-01-02 12:00:00
37,Karachi,p_69,18.37,0,2023-01-02 13:00:00
38,Peshawar,p_34,38.14,0,2023-01-02 14:00:00
39,Peshawar,p_48,29.36,2,2023-01-02 15:00:00
40,Lahore,p_89,38.21,2,2023-01-02 16:00:00
41,Islamabad,p_64,6.22,3,2023-01-02 17:00:00
42,Karachi,p_58,7.49,2,2023-01-02 18:00:00
43,Lahore,p_7,16.06,1,2023-01-02 19:00:00
44,Quetta,p_69,19.43,1,2023-01-02 20:00:00
45,Peshawar,p_42,10.39,2,2023-01-02 21:00:00
46,Quetta,p_45,1.27,2,2023-01-02 22:00:00
47,Karachi,p_14,26.17,3,2023-01-02 23:00:00
48,Lahore,p_97,16.28,4,2023-01-03 00:00:00
49,Islamabad,p_98,4.19,1,2023-01-03 01:00:00
50,Quetta,p_79,241.55,3,2023-01-03 02:00:00
51,Peshawar,p_29,11.01,2,2023-01-03 03:00:00
52,Karachi,p_48,9.37,3,2023-01-03 04:00:00
53,Lahore,p_67,36.16,1,2023-01-03 05:00:00
54,Karachi,p_55,15.32,4,2023-01-03 06:00:00
55,Karachi,p_61,35.25,3,2023-01-03 07:00:00
56,Lahore,p_91,15.53,1,2023-01-03 08:00:00
57,Lahore,p_70,14.17,1,2023-01-03 09:00:00
58,Karachi,p_29,8.57,3,2023-01-03 10:00:00
59,Karachi,p_62,17.28,0,2023-01-03 11:00:00
60,Islamabad,p_92,10.28,3,2023-01-03 12:00:00
61,Karachi,p_15,19.54,3,2023-01-03 13:00:00
62,Karachi,p_3,5.88,0,2023-01-03 14:00:00
63,Lahore,p_67,57.9,3,2023-01-03 15:00:00
64,Peshawar,p_87,5.18,0,2023-01-03 16:00:00
65,Peshawar,p_92,33.41,1,2023-01-03 17:00:00
66,Peshawar,p_19,83.65,0,2023-01-03 18:00:00
67,Lahore,p_83,24.01,1,2023-01-03 19:00:00
68,Peshawar,p_44,7.91,2,2023-01-03 20:00:00
69,Peshawar,p_21,44.98,4,2023-01-03 21:00:00
70,Karachi,p_55,17.43,2,2023-01-03 22:00:00
71,Peshawar,p_59,50.88,4,2023-01-03 23:00:00
72,Lahore,p_56,12.02,0,2023-01-04 00:00:00
73,Islamabad,p_61,48.29,1,2023-01-04 01:00:00
74,Peshawar,p_48,3.25,2,2023-01-04 02:00:00
75,Quetta,p_9,84.84,2,2023-01-04 03:00:00
76,Quetta,p_31,7.49,2,2023-01-04 04:00:00
77,Peshawar,p_16,22.43,1,2023-01-04 05:00:00
78,Peshawar,p_21,37.96,3,2023-01-04 06:00:00
79,Peshawar,p_48,18.66,1,2023-01-04 07:00:00
80,Lahore,p_41,49.54,2,2023-01-04 08:00:00
81,Islamabad,p_62,22.08,3,2023-01-04 09:00:00
82,Karachi,p_35,34.77,2,2023-01-04 10:00:00
83,Lahore,p_88,14.35,1,2023-01-04 11:00:00
84,Peshawar,p_20,118.12,1,2023-01-04 12:00:00
85,Islamabad,p_42,29.33,1,2023-01-04 13:00:00
86,Quetta,p_17,12.74,1,2023-01-04 14:00:00
87,Quetta,p_67,7.43,1,2023-01-04 15:00:00
88,Karachi,p_92,27.21,1,2023-01-04 16:00:00
89,Quetta,p_51,49.62,6,2023-01-04 17:00:00
90,Karachi,p_79,15.99,0,2023-01-04 18:00:00
91,Quetta,p_98,26.63,1,2023-01-04 19:00:00
92,Quetta,p_14,73.31,1,2023-01-04 20:00:00
93,Karachi,p_15,2.74,3,2023-01-04 21:00:00
94,Karachi,p_70,5.24,2,2023-01-04 22:00:00
95,Islamabad,p_35,38.5,2,2023-01-04 23:00:00
96,Karachi,p_51,4.06,2,2023-01-05 00:00:00
97,Karachi,p_40,51.78,3,2023-01-05 01:00:00
98,Karachi,p_2,17.15,3,2023-01-05 02:00:00
99,Islamabad,p_95,11.8,3,2023-01-05 03:00:00
100,Islamabad,p_58,11.83,2,2023-01-05 04:00:00
101,Peshawar,p_70,7.68,1,2023-01-05 05:00:00
102,Islamabad,p_78,11.82,2,2023-01-05 06:00:00
103,Karachi,p_92,182.44,0,2023-01-05 07:00:00
104,Quetta,p_92,2.72,1,2023-01-05 08:00:00
105,Peshawar,p_62,4.72,1,2023-01-05 09:00:00
106,Lahore,p_84,17.72,3,2023-01-05 10:00:00
107,Quetta,p_58,21.62,3,2023-01-05 11:00:00
108,Peshawar,p_27,15.92,0,2023-01-05 12:00:00
109,Peshawar,p_64,21.17,2,2023-01-05 13:00:00
110,Peshawar,p_14,20.88,3,2023-01-05 14:00:00
111,Peshawar,p_22,27.14,0,2023-01-05 15:00:00
112,Quetta,p_87,9.39,0,2023-01-05 16:00:00
113,Karachi,p_21,18.71,2,2023-01-05 17:00:00
114,Karachi,p_75,16.13,1,2023-01-05 18:00:00
115,Islamabad,p_3,1.88,3,2023-01-05 19:00:00
116,Quetta,p_48,5.57,3,2023-01-05 20:00:00
117,Karachi,p_41,94.64,3,2023-01-05 21:00:00
118,Islamabad,p_62,68.25,3,2023-01-05 22:00:00
119,Islamabad,p_20,8.83,3,2023-01-05 23:00:00
120,Karachi,p_83,50.83,1,2023-01-06 00:00:00
121,Karachi,p_11,16.82,2,2023-01-06 01:00:00
122,Islamabad,p_60,7.26,2,2023-01-06 02:00:00
123,Islamabad,p_75,18.41,2,2023-01-06 03:00:00
124,Lahore,p_96,177.54,3,2023-01-06 04:00:00
125,Karachi,p_48,91.22,2,2023-01-06 05:00:00
126,Peshawar,p_16,14.93,1,2023-01-06 06:00:00
127,Peshawar,p_57,21.19,1,2023-01-06 07:00:00
128,Quetta,p_75,275.52,2,2023-01-06 08:00:00
129,Islamabad,p_58,10.34,2,2023-01-06 09:00:00
130,Peshawar,p_66,7.97,2,2023-01-06 10:00:00
131,Lahore,p_25,9.75,1,2023-01-06 11:00:00
132,Peshawar,p_13,42.62,4,2023-01-06 12:00:00
133,Karachi,p_91,10.36,6,2023-01-06 13:00:00
134,Lahore,p_99,72.2,1,2023-01-06 14:00:00
135,Islamabad,p_47,25.76,1,2023-01-06 15:00:00
136,Karachi,p_49,35.46,2,2023-01-06 16:00:00
137,Quetta,p_15,19.8,0,2023-01-06 17:00:00
138,Islamabad,p_75,16.17,2,2023-01-06 18:00:00
139,Lahore,p_57,7.49,0,2023-01-06 19:00:00
140,Karachi,p_76,14.3,3,2023-01-06 20:00:00
141,Peshawar,p_72,4.48,5,2023-01-06 21:00:00
142,Lahore,p_76,45.71,1,2023-01-06 22:00:00
143,Lahore,p_5,35.87,2,2023-01-06 23:00:00
144,Peshawar,p_41,37.95,0,2023-01-07 00:00:00
145,Islamabad,p_18,16.21,1,2023-01-07 01:00:00
146,Islamabad,p_36,68.19,2,2023-01-07 02:00:00
147,Islamabad,p_4,41.49,1,2023-01-07 03:00:00
148,Lahore,p_62,7.31,1,2023-01-07 04:00:00
149,Karachi,p_35,54.9,1,2023-01-07 05:00:00
150,Karachi,p_28,17.59,0,2023-01-07 06:00:00
151,Lahore,p_72,65.02,5,2023-01-07 07:00:00
152,Karachi,p_75,37.44,2,2023-01-07 08:00:00
153,Peshawar,p_79,56.96,3,2023-01-07 09:00:00
154,Islamabad,p_81,16.47,1,2023-01-07 10:00:00
155,Peshawar,p_97,45.76,2,2023-01-07 11:00:00
156,Peshawar,p_38,3.83,1,2023-01-07 12:00:00
157,Karachi,p_27,18.75,4,2023-01-07 13:00:00
158,Quetta,p_22,49.06,0,2023-01-07 14:00:00
159,Lahore,p_56,6.94,0,2023-01-07 15:00:00
160,Karachi,p_41,7.14,0,2023-01-07 16:00:00
161,Karachi,p_14,89.88,2,2023-01-07 17:00:00
162,Quetta,p_71,42.43,2,2023-01-07 18:00:00
163,Peshawar,p_49,49.82,3,2023-01-07 19:00:00
164,Islamabad,p_60,18.36,3,2023-01-07 20:00:00
165,Peshawar,p_68,53.09,1,2023-01-07 21:00:00
166,Islamabad,p_92,18.99,2,2023-01-07 22:00:00
167,Islamabad,p_40,33.51,1,2023-01-07 23:00:00
168,Islamabad,p_45,53.0,2,2023-01-08 00:00:00
169,Islamabad,p_66,69.34,4,2023-01-08 01:00:00
170,Karachi,p_46,10.4,2,2023-01-08 02:00:00
171,Karachi,p_91,36.11,1,2023-01-08 03:00:00
172,Karachi,p_49,12.32,3,2023-01-08 04:00:00
173,Quetta,p_6,26.15,2,2023-01-08 05:00:00
174,Peshawar,p_96,45.6,2,2023-01-08 06:00:00
175,Lahore,p_9,16.03,4,2023-01-08 07:00:00
176,Karachi,p_43,31.72,2,2023-01-08 08:00:00
177,Karachi,p_85,38.65,1,2023-01-08 09:00:00
178,Karachi,p_43,15.78,3,2023-01-08 10:00:00
179,Lahore,p_38,94.29,3,2023-01-08 11:00:00
180,Lahore,p_5,7.75,3,2023-01-08 12:00:00
181,Lahore,p_10,28.56,2,2023-01-08 13:00:00
182,Lahore,p_28,12.86,3,2023-01-08 14:00:00
183,Quetta,p_88,3.59,3,2023-01-08 15:00:00
184,Lahore,p_45,17.01,1,2023-01-08 16:00:00
185,Lahore,p_24,12.91,3,2023-01-08 17:00:00
186,Quetta,p_76,14.15,2,2023-01-08 18:00:00
187,Lahore,p_82,18.33,1,2023-01-08 19:00:00
188,Quetta,p_75,23.58,0,2023-01-08 20:00:00
189,Peshawar,p_51,10.28,0,2023-01-08 21:00:00
190,Karachi,p_47,37.6,5,2023-01-08 22:00:00
191,Quetta,p_25,23.07,1,2023-01-08 23:00:00
192,Lahore,p_50,29.17,1,2023-01-09 00:00:00
193,Quetta,p_8,2.8,3,2023-01-09 01:00:00
194,Lahore,p_40,27.71,0,2023-01-09 02:00:00
195,Lahore,p_1,32.57,0,2023-01-09 03:00:00
196,Quetta,p_19,3.4,4,2023-01-09 04:00:00
197,Islamabad,p_46,74.47,2,2023-01-09 05:00:00
198,Quetta,p_27,3.31,3,2023-01-09 06:00:00
199,Karachi,p_52,9.68,2,2023-01-09 07:00:00
200,Quetta,p_48,28.54,1,2023-01-09 08:00:00
201,Islamabad,p_66,7.57,2,2023-01-09 09:00:00
202,Karachi,p_48,8.94,0,2023-01-09 10:00:00
203,Karachi,p_41,29.42,0,2023-01-09 11:00:00
204,Quetta,p_90,17.84,3,2023-01-09 12:00:00
205,Karachi,p_61,11.44,0,2023-01-09 13:00:00
206,Karachi,p_37,53.54,0,2023-01-09 14:00:00
207,Quetta,p_39,62.75,2,2023-01-09 15:00:00
208,Islamabad,p_2,4.69,2,2023-01-09 16:00:00
209,Lahore,p_56,119.22,0,2023-01-09 17:00:00
210,Karachi,p_34,31.84,3,2023-01-09 18:00:00
211,Islamabad,p_76,41.12,1,2023-01-09 19:00:00
212,Lahore,p_64,9.32,1,2023-01-09 20:00:00
213,Islamabad,p_27,61.59,3,2023-01-09 21:00:00
214,Quetta,p_33,22.45,3,2023-01-09 22:00:00
215,Islamabad,p_0,17.45,2,2023-01-09 23:00:00
216,Islamabad,p_35,152.86,2,2023-01-10 00:00:00
217,Islamabad,p_22,22.12,1,2023-01-10 01:00:00
218,Quetta,p_64,33.06,4,2023-01-10 02:00:00
219,Islamabad,p_38,18.24,3,2023-01-10 03:00:00
220,Islamabad,p_94,12.02,4,2023-01-10 04:00:00
221,Peshawar,p_14,103.32,3,2023-01-10 05:00:00
222,Karachi,p_28,8.26,5,2023-01-10 06:00:00
223,Peshawar,p_65,9.04,1,2023-01-10 07:00:00
224,Quetta,p_97,26.52,3,2023-01-10 08:00:00
225,Peshawar,p_34,6.0,2,2023-01-10 09:00:00
226,Islamabad,p_78,7.85,1,2023-01-10 10:00:00
227,Peshawar,p_42,20.27,1,2023-01-10 11:00:00
228,Lahore,p_95,18.2,3,2023-01-10 12:00:00
229,Karachi,p_86,4.2,1,2023-01-10 13:00:00
230,Peshawar,p_74,10.08,2,2023-01-10 14:00:00
231,Quetta,p_91,3.56,1,2023-01-10 15:00:00
232,Lahore,p_80,33.43,4,2023-01-10 16:00:00
233,Karachi,p_82,11.94,0,2023-01-10 17:00:00
234,Karachi,p_16,86.99,1,2023-01-10 18:00:00
235,Islamabad,p_5,65.16,2,2023-01-10 19:00:00
236,Peshawar,p_45,7.43,2,2023-01-10 20:00:00
237,Quetta,p_30,40.15,1,2023-01-10 21:00:00
238,Islamabad,p_18,11.67,2,2023-01-10 22:00:00
239,Quetta,p_3,112.08,2,2023-01-10 23:00:00
240,Islamabad,p_0,28.78,2,2023-01-11 00:00:00
241,Quetta,p_18,158.89,4,2023-01-11 01:00:00
242,Karachi,p_57,71.58,1,2023-01-11 02:00:00
243,Peshawar,p_88,7.07,1,2023-01-11 03:00:00
244,Lahore,p_32,72.75,4,2023-01-11 04:00:00
245,Lahore,p_15,45.35,1,2023-01-11 05:00:00
246,Karachi,p_5,47.98,1,2023-01-11 06:00:00
247,Peshawar,p_15,40.39,1,2023-01-11 07:00:00
248,Peshawar,p_22,9.16,5,2023-01-11 08:00:00
249,Lahore,p_25,4.93,5,2023-01-11 09:00:00
250,Karachi,p_27,34.12,8,2023-01-11 10:00:00
251,Quetta,p_79,3.86,4,2023-01-11 11:00:00
252,Islamabad,p_28,6.6,0,2023-01-11 12:00:00
253,Quetta,p_22,68.27,2,2023-01-11 13:00:00
254,Islamabad,p_3,38.11,0,2023-01-11 14:00:00
255,Lahore,p_65,3.56,2,2023-01-11 15:00:00
256,Quetta,p_87,28.4,2,2023-01-11 16:00:00
257,Lahore,p_91,25.29,1,2023-01-11 17:00:00
258,Islamabad,p_10,18.69,1,2023-01-11 18:00:00
259,Lahore,p_89,75.05,0,2023-01-11 19:00:00
260,Lahore,p_28,2.13,3,2023-01-11 20:00:00
261,Islamabad,p_52,13.5,3,2023-01-11 21:00:00
262,Quetta,p_12,5.25,3,2023-01-11 22:00:00
263,Islamabad,p_32,2.77,3,2023-01-11 23:00:00
264,Islamabad,p_59,15.46,2,2023-01-12 00:00:00
265,Karachi,p_38,24.69,4,2023-01-12 01:00:00
266,Peshawar,p_5,5.85,3,2023-01-12 02:00:00
267,Karachi,p_96,4.05,2,2023-01-12 03:00:00
268,Islamabad,p_24,28.4,1,2023-01-12 04:00:00
269,Peshawar,p_35,5.46,2,2023-01-12 05:00:00
270,Quetta,p_42,27.88,0,2023-01-12 06:00:00
271,Islamabad,p_19,23.11,7,2023-01-12 07:00:00
272,Karachi,p_9,1.96,1,2023-01-12 08:00:00
273,Quetta,p_20,15.1,1,2023-01-12 09:00:00
274,Peshawar,p_55,10.78,2,2023-01-12 10:00:00
275,Quetta,p_52,16.7,2,2023-01-12 11:00:00
276,Quetta,p_76,71.22,2,2023-01-12 12:00:00
277,Karachi,p_40,17.6,0,2023-01-12 13:00:00
278,Quetta,p_4,31.49,2,2023-01-12 14:00:00
279,Peshawar,p_86,15.91,2,2023-01-12 15:00:00
280,Lahore,p_30,21.13,0,2023-01-12 16:00:00
281,Islamabad,p_83,153.09,1,2023-01-12 17:00:00
282,Peshawar,p_99,50.69,0,2023-01-12 18:00:00
283,Lahore,p_35,13.03,4,2023-01-12 19:00:00
284,Peshawar,p_18,13.74,2,2023-01-12 20:00:00
285,Quetta,p_70,6.55,1,2023-01-12 21:00:00
286,Islamabad,p_22,18.94,3,2023-01-12 22:00:00
287,Peshawar,p_60,8.2,1,2023-01-12 23:00:00
288,Peshawar,p_41,64.71,2,2023-01-13 00:00:00
289,Islamabad,p_21,30.42,2,2023-01-13 01:00:00
290,Lahore,p_89,9.82,4,2023-01-13 02:00:00
291,Lahore,p_7,21.54,3,2023-01-13 03:00:00
292,Lahore,p_16,26.62,1,2023-01-13 04:00:00
293,Quetta,p_52,16.22,2,2023-01-13 05:00:00
294,Peshawar,p_23,26.11,1,2023-01-13 06:00:00
295,Karachi,p_41,13.43,1,2023-01-13 07:00:00
296,Peshawar,p_27,12.4,3,2023-01-13 08:00:00
297,Lahore,p_36,19.16,3,2023-01-13 09:00:00
298,Karachi,p_51,21.06,1,2023-01-13 10:00:00
299,Peshawar,p_88,22.42,1,2023-01-13 11:00:00
300,Karachi,p_10,86.81,0,2023-01-13 12:00:00
301,Lahore,p_89,7.81,1,2023-01-13 13:00:00
302,Quetta,p_99,13.68,1,2023-01-13 14:00:00
303,Islamabad,p_31,15.22,3,2023-01-13 15:00:00
304,Karachi,p_8,9.06,0,2023-01-13 16:00:00
305,Karachi,p_94,8.79,1,2023-01-13 17:00:00
306,Karachi,p_33,20.97,2,2023-01-13 18:00:00
307,Islamabad,p_57,36.99,1,2023-01-13 19:00:00
308,Islamabad,p_89,3.13,0,2023-01-13 20:00:00
309,Quetta,p_1,9.0,4,2023-01-13 21:00:00
310,Karachi,p_80,13.48,0,2023-01-13 22:00:00
311,Lahore,p_15,39.34,2,2023-01-13 23:00:00
312,Karachi,p_87,6.78,2,2023-01-14 00:00:00
313,Quetta,p_31,35.7,3,2023-01-14 01:00:00
314,Peshawar,p_60,10.3,3,2023-01-14 02:00:00
315,Islamabad,p_2,13.2,2,2023-01-14 03:00:00
316,Lahore,p_47,43.96,2,2023-01-14 04:00:00
317,Karachi,p_16,3.39,1,2023-01-14 05:00:00
318,Peshawar,p_18,39.44,2,2023-01-14 06:00:00
319,Lahore,p_96,8.21,0,2023-01-14 07:00:00
320,Quetta,p_77,15.17,2,2023-01-14 08:00:00
321,Peshawar,p_91,16.04,1,2023-01-14 09:00:00
322,Islamabad,p_23,7.68,3,2023-01-14 10:00:00
323,Karachi,p_89,26.98,2,2023-01-14 11:00:00
324,Peshawar,p_45,10.14,5,2023-01-14 12:00:00
325,Karachi,p_2,48.55,2,2023-01-14 13:00:00
326,Islamabad,p_91,10.06,1,2023-01-14 14:00:00
327,Karachi,p_57,6.33,2,2023-01-14 15:00:00
328,Islamabad,p_10,58.47,0,2023-01-14 16:00:00
329,Karachi,p_90,57.76,4,2023-01-14 17:00:00
330,Peshawar,p_64,18.99,1,2023-01-14 18:00:00
331,Lahore,p_33,4.3,3,2023-01-14 19:00:00
332,Islamabad,p_80,18.76,1,2023-01-14 20:00:00
333,Karachi,p_52,34.11,3,2023-01-14 21:00:00
334,Karachi,p_78,50.52,1,2023-01-14 22:00:00
335,Quetta,p_26,14.29,2,2023-01-14 23:00:00
336,Lahore,p_55,16.85,2,2023-01-15 00:00:00
337,Lahore,p_91,2.98,3,2023-01-15 01:00:00
338,Peshawar,p_58,20.19,2,2023-01-15 02:00:00
339,Karachi,p_20,44.63,1,2023-01-15 03:00:00
340,Peshawar,p_49,31.55,5,2023-01-15 04:00:00
341,Karachi,p_68,9.09,2,2023-01-15 05:00:00
342,Islamabad,p_49,34.17,1,2023-01-15 06:00:00
343,Peshawar,p_88,21.38,0,2023-01-15 07:00:00
344,Islamabad,p_15,13.63,0,2023-01-15 08:00:00
345,Quetta,p_15,2.85,1,2023-01-15 09:00:00
346,Quetta,p_19,22.95,4,2023-01-15 10:00:00
347,Peshawar,p_4,32.4,1,2023-01-15 11:00:00
348,Peshawar,p_85,8.92,4,2023-01-15 12:00:00
349,Lahore,p_10,98.18,3,2023-01-15 13:00:00
350,Karachi,p_18,101.46,1,2023-01-15 14:00:00
351,Peshawar,p_37,14.2,1,2023-01-15 15:00:00
352,Quetta,p_27,13.26,3,2023-01-15 16:00:00
353,Karachi,p_89,38.27,1,2023-01-15 17:00:00
354,Lahore,p_46,37.71,1,2023-01-15 18:00:00
355,Lahore,p_11,17.59,3,2023-01-15 19:00:00
356,Quetta,p_51,14.31,0,2023-01-15 20:00:00
357,Peshawar,p_1,9.19,3,2023-01-15 21:00:00
358,Islamabad,p_49,8.2,4,2023-01-15 22:00:00
359,Quetta,p_11,19.07,3,2023-01-15 23:00:00
360,Karachi,p_19,16.67,2,2023-01-16 00:00:00
361,Peshawar,p_87,49.28,4,2023-01-16 01:00:00
362,Lahore,p_27,38.6,0,2023-01-16 02:00:00
363,Peshawar,p_22,44.16,3,2023-01-16 03:00:00
364,Islamabad,p_24,32.68,4,2023-01-16 04:00:00
365,Lahore,p_55,16.64,1,2023-01-16 05:00:00
366,Quetta,p_86,12.13,3,2023-01-16 06:00:00
367,Karachi,p_79,9.39,3,2023-01-16 07:00:00
368,Peshawar,p_94,10.5,2,2023-01-16 08:00:00
369,Karachi,p_35,2.85,1,2023-01-16 09:00:00
370,Peshawar,p_43,28.71,0,2023-01-16 10:00:00
371,Peshawar,p_62,36.37,1,2023-01-16 11:00:00
372,Karachi,p_96,17.94,1,2023-01-16 12:00:00
373,Karachi,p_27,4.1,0,2023-01-16 13:00:00
374,Karachi,p_99,40.33,3,2023-01-16 14:00:00
375,Peshawar,p_37,28.59,2,2023-01-16 15:00:00
376,Lahore,p_13,45.45,1,2023-01-16 16:00:00
377,Lahore,p_68,33.45,2,2023-01-16 17:00:00
378,Karachi,p_74,31.71,1,2023-01-16 18:00:00
379,Lahore,p_27,15.89,1,2023-01-16 19:00:00
380,Peshawar,p_1,244.95,1,2023-01-16 20:00:00
381,Islamabad,p_34,13.03,6,2023-01-16 21:00:00
382,Lahore,p_61,17.4,3,2023-01-16 22:00:00
383,Karachi,p_3,21.4,0,2023-01-16 23:00:00
384,Lahore,p_15,14.82,2,2023-01-17 00:00:00
385,Lahore,p_24,22.21,1,2023-01-17 01:00:00
386,Peshawar,p_46,91.19,3,2023-01-17 02:00:00
387,Islamabad,p_4,3.5,2,2023-01-17 03:00:00
388,Quetta,p_8,18.5,3,2023-01-17 04:00:00
389,Quetta,p_4,35.14,2,2023-01-17 05:00:00
390,Peshawar,p_60,17.12,2,2023-01-17 06:00:00
391,Islamabad,p_0,33.04,2,2023-01-17 07:00:00
392,Islamabad,p_2,19.71,0,2023-01-17 08:00:00
393,Peshawar,p_38,12.34,2,2023-01-17 09:00:00
394,Quetta,p_46,50.44,3,2023-01-17 10:00:00
395,Lahore,p_90,84.88,1,2023-01-17 11:00:00
396,Islamabad,p_44,8.92,4,2023-01-17 12:00:00
397,Quetta,p_40,200.71,2,2023-01-17 13:00:00
398,Karachi,p_78,88.89,1,2023-01-17 14:00:00
399,Karachi,p_95,39.64,1,2023-01-17 15:00:00
400,Lahore,p_44,8.83,0,2023-01-17 16:00:00
401,Karachi,p_80,29.28,1,2023-01-17 17:00:00
402,Peshawar,p_97,5.53,3,2023-01-17 18:00:00
403,Islamabad,p_26,22.04,2,2023-01-17 19:00:00
404,Peshawar,p_0,12.03,1,2023-01-17 20:00:00
405,Karachi,p_90,35.18,6,2023-01-17 21:00:00
406,Islamabad,p_3,40.25,2,2023-01-17 22:00:00
407,Lahore,p_27,24.73,3,2023-01-17 23:00:00
408,Quetta,p_83,8.48,1,2023-01-18 00:00:00
409,Islamabad,p_70,42.07,3,2023-01-18 01:00:00
410,Islamabad,p_75,96.14,1,2023-01-18 02:00:00
411,Lahore,p_23,24.78,1,2023-01-18 03:00:00
412,Peshawar,p_32,39.48,1,2023-01-18 04:00:00
413,Peshawar,p_51,14.75,2,2023-01-18 05:00:00
414,Islamabad,p_98,8.95,1,2023-01-18 06:00:00
415,Peshawar,p_10,30.69,2,2023-01-18 07:00:00
416,Quetta,p_73,6.24,1,2023-01-18 08:00:00
417,Peshawar,p_0,6.84,2,2023-01-18 09:00:00
418,Karachi,p_0,6.77,1,2023-01-18 10:00:00
419,Islamabad,p_11,12.33,0,2023-01-18 11:00:00
420,Karachi,p_29,36.69,3,2023-01-18 12:00:00
421,Karachi,p_31,15.45,2,2023-01-18 13:00:00
422,Karachi,p_85,12.85,4,2023-01-18 14:00:00
423,Peshawar,p_22,10.4,2,2023-01-18 15:00:00
424,Lahore,p_82,20.81,0,2023-01-18 16:00:00
425,Peshawar,p_11,35.16,1,2023-01-18 17:00:00
426,Peshawar,p_59,4.23,2,2023-01-18 18:00:00
427,Islamabad,p_12,74.39,0,2023-01-18 19:00:00
428,Islamabad,p_71,34.33,3,2023-01-18 20:00:00
429,Karachi,p_84,13.03,0,2023-01-18 21:00:00
430,Quetta,p_99,17.75,1,2023-01-18 22:00:00
431,Karachi,p_45,28.97,4,2023-01-18 23:00:00
432,Islamabad,p_9,39.04,4,2023-01-19 00:00:00
433,Lahore,p_62,14.97,0,2023-01-19 01:00:00
434,Quetta,p_60,12.21,1,2023-01-19 02:00:00
435,Quetta,p_38,29.9,2,2023-01-19 03:00:00
436,Peshawar,p_58,56.1,2,2023-01-19 04:00:00
437,Peshawar,p_53,8.88,3,2023-01-19 05:00:00
438,Islamabad,p_78,9.5,3,2023-01-19 06:00:00
439,Lahore,p_93,10.71,2,2023-01-19 07:00:00
440,Quetta,p_64,113.27,2,2023-01-19 08:00:00
441,Peshawar,p_87,20.58,1,2023-01-19 09:00:00
442,Peshawar,p_21,11.28,0,2023-01-19 10:00:00
443,Lahore,p_28,14.29,0,2023-01-19 11:00:00
444,Karachi,p_2,11.47,1,2023-01-19 12:00:00
445,Islamabad,p_18,3.91,1,2023-01-19 13:00:00
446,Peshawar,p_97,13.39,3,2023-01-19 14:00:00
447,Peshawar,p_95,16.22,0,2023-01-19 15:00:00
448,Peshawar,p_92,23.22,3,2023-01-19 16:00:00
449,Lahore,p_36,9.92,1,2023-01-19 17:00:00
450,Quetta,p_76,27.17,2,2023-01-19 18:00:00
451,Lahore,p_47,40.76,2,2023-01-19 19:00:00
452,Karachi,p_83,31.45,2,2023-01-19 20:00:00
453,Lahore,p_31,9.01,3,2023-01-19 21:00:00
454,Lahore,p_52,27.37,2,2023-01-19 22:00:00
455,Peshawar,p_10,26.43,0,2023-01-19 23:00:00
456,Lahore,p_98,3.54,2,2023-01-20 00:00:00
457,Quetta,p_34,35.14,1,2023-01-20 01:00:00
458,Islamabad,p_39,43.63,2,2023-01-20 02:00:00
459,Karachi,p_10,29.94,0,2023-01-20 03:00:00
460,Lahore,p_56,1.08,3,2023-01-20 04:00:00
461,Islamabad,p_34,23.74,0,2023-01-20 05:00:00
462,Quetta,p_91,22.2,2,2023-01-20 06:00:00
463,Quetta,p_28,48.08,1,2023-01-20 07:00:00
464,Lahore,p_81,92.0,3,2023-01-20 08:00:00
465,Quetta,p_77,4.02,4,2023-01-20 09:00:00
466,Karachi,p_69,18.57,0,2023-01-20 10:00:00
467,Karachi,p_92,9.11,4,2023-01-20 11:00:00
468,Karachi,p_76,23.31,1,2023-01-20 12:00:00
469,Lahore,p_75,66.1,3,2023-01-20 13:00:00
470,Islamabad,p_16,15.06,1,2023-01-20 14:00:00
471,Islamabad,p_98,120.21,1,2023-01-20 15:00:00
472,Lahore,p_32,6.31,2,2023-01-20 16:00:00
473,Quetta,p_22,11.94,5,2023-01-20 17:00:00
474,Peshawar,p_84,42.2,2,2023-01-20 18:00:00
475,Islamabad,p_95,3.67,3,2023-01-20 19:00:00
476,Karachi,p_97,8.74,0,2023-01-20 20:00:00
477,Islamabad,p_6,29.58,2,2023-01-20 21:00:00
478,Peshawar,p_45,12.91,2,2023-01-20 22:00:00
479,Lahore,p_87,17.35,4,2023-01-20 23:00:00
480,Islamabad,p_25,41.96,0,2023-01-21 00:00:00
481,Lahore,p_49,34.36,0,2023-01-21 01:00:00
482,Peshawar,p_10,29.61,1,2023-01-21 02:00:00
483,Peshawar,p_62,25.96,2,2023-01-21 03:00:00
484,Islamabad,p_25,18.02,4,2023-01-21 04:00:00
485,Quetta,p_33,6.61,3,2023-01-21 05:00:00
486,Quetta,p_24,7.92,5,2023-01-21 06:00:00
487,Islamabad,p_16,12.78,0,2023-01-21 07:00:00
488,Quetta,p_30,9.21,3,2023-01-21 08:00:00
489,Karachi,p_96,37.6,1,2023-01-21 09:00:00
490,Peshawar,p_39,7.05,2,2023-01-21 10:00:00
491,Peshawar,p_82,18.2,2,2023-01-21 11:00:00
492,Peshawar,p_27,45.97,1,2023-01-21 12:00:00
493,Peshawar,p_25,23.31,2,2023-01-21 13:00:00
494,Peshawar,p_56,24.41,3,2023-01-21 14:00:00
495,Islamabad,p_79,18.11,3,2023-01-21 15:00:00
496,Quetta,p_64,4.05,1,2023-01-21 16:00:00
497,Peshawar,p_51,11.78,2,2023-01-21 17:00:00
498,Quetta,p_59,119.62,2,2023-01-21 18:00:00
499,Karachi,p_76,37.52,0,2023-01-21 19:00:00
500,Quetta,p_8,24.5,1,2023-01-21 20:00:00
501,Lahore,p_21,16.98,1,2023-01-21 21:00:00
502,Quetta,p_62,49.57,4,2023-01-21 22:00:00
503,Lahore,p_86,17.09,3,2023-01-21 23:00:00
504,Islamabad,p_54,2.97,1,2023-01-22 00:00:00
505,Karachi,p_27,22.42,0,2023-01-22 01:00:00
506,Islamabad,p_36,6.72,1,2023-01-22 02:00:00
507,Lahore,p_40,49.74,3,2023-01-22 03:00:00
508,Islamabad,p_86,32.62,2,2023-01-22 04:00:00
509,Lahore,p_63,16.52,0,2023-01-22 05:00:00
510,Karachi,p_84,104.35,1,2023-01-22 06:00:00
511,Peshawar,p_42,35.91,1,2023-01-22 07:00:00
512,Peshawar,p_86,45.89,1,2023-01-22 08:00:00
513,Lahore,p_94,8.33,0,2023-01-22 09:00:00
514,Peshawar,p_60,16.76,3,2023-01-22 10:00:00
515,Karachi,p_67,8.46,2,2023-01-22 11:00:00
516,Karachi,p_76,22.4,3,2023-01-22 12:00:00
517,Peshawar,p_91,12.31,2,2023-01-22 13:00:00
518,Karachi,p_46,24.66,1,2023-01-22 14:00:00
519,Peshawar,p_80,6.91,1,2023-01-22 15:00:00
520,Lahore,p_99,58.92,3,2023-01-22 16:00:00
521,Quetta,p_89,62.02,0,2023-01-22 17:00:00
522,Islamabad,p_92,5.53,1,2023-01-22 18:00:00
523,Lahore,p_14,41.15,7,2023-01-22 19:00:00
524,Lahore,p_85,29.61,4,2023-01-22 20:00:00
525,Islamabad,p_56,13.51,2,2023-01-22 21:00:00
526,Karachi,p_4,25.92,1,2023-01-22 22:00:00
527,Peshawar,p_45,22.11,3,2023-01-22 23:00:00
528,Karachi,p_54,48.04,2,2023-01-23 00:00:00
529,Quetta,p_27,170.06,1,2023-01-23 01:00:00
530,Islamabad,p_50,119.41,0,2023-01-23 02:00:00
531,Islamabad,p_70,15.42,1,2023-01-23 03:00:00
532,Lahore,p_31,21.46,2,2023-01-23 04:00:00
533,Quetta,p_77,22.87,3,2023-01-23 05:00:00
534,Lahore,p_65,4.11,2,2023-01-23 06:00:00
535,Islamabad,p_42,50.44,0,2023-01-23 07:00:00
536,Islamabad,p_24,7.15,4,2023-01-23 08:00:00
537,Lahore,p_26,10.8,1,2023-01-23 09:00:00
538,Peshawar,p_31,125.32,1,2023-01-23 10:00:00
539,Lahore,p_85,24.96,2,2023-01-23 11:00:00
540,Quetta,p_32,36.43,5,2023-01-23 12:00:00
541,Islamabad,p_47,50.23,2,2023-01-23 13:00:00
542,Quetta,p_9,47.61,3,2023-01-23 14:00:00
543,Karachi,p_82,4.78,3,2023-01-23 15:00:00
544,Lahore,p_8,15.32,3,2023-01-23 16:00:00
545,Quetta,p_94,24.3,1,2023-01-23 17:00:00
546,Peshawar,p_73,24.62,2,2023-01-23 18:00:00
547,Quetta,p_0,3.12,0,2023-01-23 19:00:00
548,Islamabad,p_59,37.22,1,2023-01-23 20:00:00
549,Lahore,p_22,16.9,2,2023-01-23 21:00:00
550,Lahore,p_57,8.08,2,2023-01-23 22:00:00
551,Quetta,p_83,30.34,2,2023-01-23 23:00:00
552,Quetta,p_45,97.19,2,2023-01-24 00:00:00
553,Karachi,p_90,62.25,3,2023-01-24 01:00:00
554,Islamabad,p_68,11.49,0,2023-01-24 02:00:00
555,Quetta,p_70,5.1,3,2023-01-24 03:00:00
556,Peshawar,p_41,38.94,4,2023-01-24 04:00:00
557,Islamabad,p_42,29.98,2,2023-01-24 05:00:00
558,Karachi,p_61,34.94,1,2023-01-24 06:00:00
559,Lahore,p_88,10.42,3,2023-01-24 07:00:00
560,Islamabad,p_75,30.45,2,2023-01-24 08:00:00
561,Karachi,p_6,14.43,2,2023-01-24 09:00:00
562,Quetta,p_85,10.44,1,2023-01-24 10:00:00
563,Islamabad,p_47,14.63,1,2023-01-24 11:00:00
564,Karachi,p_93,30.08,1,2023-01-24 12:00:00
565,Quetta,p_54,7.57,4,2023-01-24 13:00:00
566,Islamabad,p_83,21.3,0,2023-01-24 14:00:00
567,Peshawar,p_27,7.06,2,2023-01-24 15:00:00
568,Karachi,p_97,11.09,1,2023-01-24 16:00:00
569,Karachi,p_69,35.9,3,2023-01-24 17:00:00
570,Quetta,p_58,27.01,2,2023-01-24 18:00:00
571,Lahore,p_6,9.87,1,2023-01-24 19:00:00
572,Karachi,p_40,55.53,2,2023-01-24 20:00:00
573,Karachi,p_53,23.19,1,2023-01-24 21:00:00
574,Quetta,p_64,10.49,6,2023-01-24 22:00:00
575,Karachi,p_0,11.57,1,2023-01-24 23:00:00
576,Lahore,p_29,56.96,5,2023-01-25 00:00:00
577,Peshawar,p_39,26.63,2,2023-01-25 01:00:00
578,Islamabad,p_65,19.5,5,2023-01-25 02:00:00
579,Lahore,p_33,39.51,3,2023-01-25 03:00:00
580,Karachi,p_79,11.02,0,2023-01-25 04:00:00
581,Lahore,p_23,18.36,3,2023-01-25 05:00:00
582,Islamabad,p_57,12.73,2,2023-01-25 06:00:00
583,Islamabad,p_26,8.3,2,2023-01-25 07:00:00
584,Peshawar,p_52,18.01,0,2023-01-25 08:00:00
585,Islamabad,p_92,26.53,0,2023-01-25 09:00:00
586,Islamabad,p_43,38.72,3,2023-01-25 10:00:00
587,Quetta,p_28,10.84,2,2023-01-25 11:00:00
588,Quetta,p_85,41.5,2,2023-01-25 12:00:00
589,Karachi,p_50,17.92,0,2023-01-25 13:00:00
590,Quetta,p_4,5.07,1,2023-01-25 14:00:00
591,Karachi,p_40,7.52,2,2023-01-25 15:00:00
592,Islamabad,p_13,145.76,4,2023-01-25 16:00:00
593,Peshawar,p_4,15.2,3,2023-01-25 17:00:00
594,Islamabad,p_11,6.74,4,2023-01-25 18:00:00
595,Karachi,p_18,8.56,2,2023-01-25 19:00:00
596,Karachi,p_43,9.95,3,2023-01-25 20:00:00
597,Lahore,p_86,31.89,2,2023-01-25 21:00:00
598,Islamabad,p_91,10.03,3,2023-01-25 22:00:00
599,Lahore,p_42,78.89,1,2023-01-25 23:00:00
600,Islamabad,p_40,6.62,2,2023-01-26 00:00:00
601,Lahore,p_57,43.13,1,2023-01-26 01:00:00
602,Karachi,p_21,41.46,3,2023-01-26 02:00:00
603,Islamabad,p_31,7.71,2,2023-01-26 03:00:00
604,Quetta,p_14,33.77,2,2023-01-26 04:00:00
605,Lahore,p_35,43.38,2,2023-01-26 05:00:00
606,Peshawar,p_77,45.76,2,2023-01-26 06:00:00
607,Lahore,p_97,19.79,2,2023-01-26 07:00:00
608,Peshawar,p_73,4.62,1,2023-01-26 08:00:00
609,Peshawar,p_93,31.82,2,2023-01-26 09:00:00
610,Quetta,p_2,64.42,1,2023-01-26 10:00:00
611,Lahore,p_61,12.01,2,2023-01-26 11:00:00
612,Lahore,p_3,5.1,3,2023-01-26 12:00:00
613,Lahore,p_1,26.48,2,2023-01-26 13:00:00
614,Peshawar,p_93,23.53,2,2023-01-26 14:00:00
615,Quetta,p_20,14.46,1,2023-01-26 15:00:00
616,Quetta,p_69,6.74,1,2023-01-26 16:00:00
617,Karachi,p_53,11.31,1,2023-01-26 17:00:00
618,Peshawar,p_41,18.6,0,2023-01-26 18:00:00
619,Quetta,p_27,50.13,4,2023-01-26 19:00:00
620,Lahore,p_20,12.39,0,2023-01-26 20:00:00
621,Islamabad,p_8,20.46,1,2023-01-26 21:00:00
622,Quetta,p_43,10.39,3,2023-01-26 22:00:00
623,Islamabad,p_57,19.24,3,2023-01-26 23:00:00
624,Peshawar,p_61,69.66,1,2023-01-27 00:00:00
625,Lahore,p_97,24.56,2,2023-01-27 01:00:00
626,Karachi,p_87,24.83,3,2023-01-27 02:00:00
627,Karachi,p_71,7.28,1,2023-01-27 03:00:00
628,Karachi,p_79,2.9,2,2023-01-27 04:00:00
629,Islamabad,p_40,27.45,0,2023-01-27 05:00:00
630,Karachi,p_94,83.85,0,2023-01-27 06:00:00
631,Quetta,p_42,4.45,1,2023-01-27 07:00:00
632,Islamabad,p_84,64.33,2,2023-01-27 08:00:00
633,Quetta,p_62,12.06,2,2023-01-27 09:00:00
634,Karachi,p_80,74.42,4,2023-01-27 10:00:00
635,Lahore,p_62,9.52,2,2023-01-27 11:00:00
636,Islamabad,p_19,8.62,1,2023-01-27 12:00:00
637,Quetta,p_12,3.22,2,2023-01-27 13:00:00
638,Karachi,p_93,32.26,0,2023-01-27 14:00:00
639,Islamabad,p_50,12.14,4,2023-01-27 15:00:00
640,Karachi,p_93,16.13,1,2023-01-27 16:00:00
641,Islamabad,p_96,232.47,3,2023-01-27 17:00:00
642,Islamabad,p_0,55.8,3,2023-01-27 18:00:00
643,Karachi,p_91,66.25,0,2023-01-27 19:00:00
644,Lahore,p_10,18.84,4,2023-01-27 20:00:00
645,Islamabad,p_24,10.42,1,2023-01-27 21:00:00
646,Quetta,p_32,21.55,2,2023-01-27 22:00:00
647,Peshawar,p_63,84.19,1,2023-01-27 23:00:00
648,Quetta,p_77,57.22,2,2023-01-28 00:00:00
649,Islamabad,p_71,24.99,4,2023-01-28 01:00:00
650,Peshawar,p_20,27.44,1,2023-01-28 02:00:00
651,Karachi,p_12,10.56,2,2023-01-28 03:00:00
652,Islamabad,p_29,6.34,7,2023-01-28 04:00:00
653,Karachi,p_47,50.53,0,2023-01-28 05:00:00
654,Peshawar,p_11,9.22,0,2023-01-28 06:00:00
655,Peshawar,p_34,52.16,1,2023-01-28 07:00:00
656,Peshawar,p_15,41.95,1,2023-01-28 08:00:00
657,Islamabad,p_41,15.8,2,2023-01-28 09:00:00
658,Lahore,p_17,38.5,1,2023-01-28 10:00:00
659,Peshawar,p_14,67.84,4,2023-01-28 11:00:00
660,Islamabad,p_54,10.16,1,2023-01-28 12:00:00
661,Peshawar,p_35,4.09,1,2023-01-28 13:00:00
662,Karachi,p_34,16.5,5,2023-01-28 14:00:00
663,Islamabad,p_17,6.36,1,2023-01-28 15:00:00
664,Karachi,p_80,24.66,1,2023-01-28 16:00:00
665,Karachi,p_2,13.1,2,2023-01-28 17:00:00
666,Islamabad,p_36,1.22,3,2023-01-28 18:00:00
667,Karachi,p_89,139.32,2,2023-01-28 19:00:00
668,Islamabad,p_10,17.09,3,2023-01-28 20:00:00
669,Karachi,p_66,24.05,2,2023-01-28 21:00:00
670,Quetta,p_16,26.81,0,2023-01-28 22:00:00
671,Peshawar,p_15,8.63,0,2023-01-28 23:00:00
672,Lahore,p_20,25.59,3,2023-01-29 00:00:00
673,Karachi,p_60,4.32,0,2023-01-29 01:00:00
674,Quetta,p_83,11.25,2,2023-01-29 02:00:00
675,Karachi,p_5,19.62,2,2023-01-29 03:00:00
676,Peshawar,p_32,21.32,1,2023-01-29 04:00:00
677,Peshawar,p_67,11.02,2,2023-01-29 05:00:00
678,Quetta,p_68,9.43,2,2023-01-29 06:00:00
679,Lahore,p_32,69.41,0,2023-01-29 07:00:00
680,Lahore,p_95,3.43,3,2023-01-29 08:00:00
681,Islamabad,p_15,51.94,1,2023-01-29 09:00:00
682,Lahore,p_11,51.26,1,2023-01-29 10:00:00
683,Karachi,p_23,44.62,1,2023-01-29 11:00:00
684,Islamabad,p_0,127.44,2,2023-01-29 12:00:00
685,Islamabad,p_67,27.73,2,2023-01-29 13:00:00
686,Lahore,p_76,33.39,1,2023-01-29 14:00:00
687,Quetta,p_88,8.02,6,2023-01-29 15:00:00
688,Lahore,p_25,18.22,5,2023-01-29 16:00:00
689,Peshawar,p_71,18.75,2,2023-01-29 17:00:00
690,Islamabad,p_14,8.57,2,2023-01-29 18:00:00
691,Islamabad,p_81,127.0,1,2023-01-29 19:00:00
692,Karachi,p_9,50.01,3,2023-01-29 20:00:00
693,Peshawar,p_90,38.98,2,2023-01-29 21:00:00
694,Karachi,p_20,17.64,2,2023-01-29 22:00:00
695,Islamabad,p_9,57.54,7,2023-01-29 23:00:00
696,Islamabad,p_84,9.34,2,2023-01-30 00:00:00
697,Lahore,p_85,27.71,2,2023-01-30 01:00:00
698,Islamabad,p_58,48.7,1,2023-01-30 02:00:00
699,Lahore,p_41,15.59,2,2023-01-30 03:00:00
700,Islamabad,p_72,26.88,1,2023-01-30 04:00:00
701,Lahore,p_31,2.28,2,2023-01-30 05:00:00
702,Lahore,p_32,36.39,0,2023-01-30 06:00:00
703,Quetta,p_44,6.01,0,2023-01-30 07:00:00
704,Peshawar,p_4,23.7,1,2023-01-30 08:00:00
705,Quetta,p_97,8.07,4,2023-01-30 09:00:00
706,Karachi,p_1,9.14,1,2023-01-30 10:00:00
707,Lahore,p_96,16.12,2,2023-01-30 11:00:00
708,Quetta,p_86,13.26,1,2023-01-30 12:00:00
709,Quetta,p_94,18.86,4,2023-01-30 13:00:00
710,Lahore,p_40,34.71,6,2023-01-30 14:00:00
711,Quetta,p_53,12.09,0,2023-01-30 15:00:00
712,Peshawar,p_70,30.54,2,2023-01-30 16:00:00
713,Quetta,p_88,8.18,2,2023-01-30 17:00:00
714,Quetta,p_84,11.3,3,2023-01-30 18:00:00
715,Lahore,p_25,3.99,6,2023-01-30 19:00:00
716,Karachi,p_52,12.45,2,2023-01-30 20:00:00
717,Quetta,p_55,6.96,2,2023-01-30 21:00:00
718,Lahore,p_30,15.2,1,2023-01-30 22:00:00
719,Karachi,p_60,21.96,2,2023-01-30 23:00:00
720,Lahore,p_76,33.65,3,2023-01-31 00:00:00
721,Karachi,p_25,25.41,3,2023-01-31 01:00:00
722,Peshawar,p_65,16.52,2,2023-01-31 02:00:00
723,Lahore,p_42,6.7,2,2023-01-31 03:00:00
724,Quetta,p_29,45.55,3,2023-01-31 04:00:00
725,Quetta,p_62,21.02,2,2023-01-31 05:00:00
726,Lahore,p_19,1.01,1,2023-01-31 06:00:00
727,Lahore,p_54,42.58,2,2023-01-31 07:00:00
728,Lahore,p_82,34.69,4,2023-01-31 08:00:00
729,Islamabad,p_69,38.87,3,2023-01-31 09:00:00
730,Islamabad,p_90,12.52,0,2023-01-31 10:00:00
731,Islamabad,p_66,6.57,1,2023-01-31 11:00:00
732,Karachi,p_92,12.26,0,2023-01-31 12:00:00
733,Lahore,p_64,60.27,1,2023-01-31 13:00:00
734,Lahore,p_1,17.44,0,2023-01-31 14:00:00
735,Peshawar,p_98,14.28,0,2023-01-31 15:00:00
736,Peshawar,p_73,39.27,2,2023-01-31 16:00:00
737,Lahore,p_86,32.05,3,2023-01-31 17:00:00
738,Quetta,p_30,27.01,1,2023-01-31 18:00:00
739,Peshawar,p_41,21.42,0,2023-01-31 19:00:00
740,Quetta,p_32,41.59,3,2023-01-31 20:00:00
741,Quetta,p_2,39.83,0,2023-01-31 21:00:00
742,Karachi,p_99,8.29,3,2023-01-31 22:00:00
743,Karachi,p_78,25.27,0,2023-01-31 23:00:00
744,Islamabad,p_32,27.32,2,2023-02-01 00:00:00
745,Lahore,p_74,36.66,3,2023-02-01 01:00:00
746,Peshawar,p_96,18.08,1,2023-02-01 02:00:00
747,Peshawar,p_38,8.03,2,2023-02-01 03:00:00
748,Quetta,p_53,20.98,0,2023-02-01 04:00:00
749,Peshawar,p_71,16.6,5,2023-02-01 05:00:00
750,Islamabad,p_21,20.62,1,2023-02-01 06:00:00
751,Karachi,p_58,150.99,2,2023-02-01 07:00:00
752,Lahore,p_28,19.87,1,2023-02-01 08:00:00
753,Karachi,p_6,9.47,1,2023-02-01 09:00:00
754,Peshawar,p_68,21.31,0,2023-02-01 10:00:00
755,Quetta,p_22,11.25,4,2023-02-01 11:00:00
756,Lahore,p_46,32.82,0,2023-02-01 12:00:00
757,Lahore,p_74,62.28,1,2023-02-01 13:00:00
758,Peshawar,p_65,16.38,4,2023-02-01 14:00:00
759,Karachi,p_39,18.15,2,2023-02-01 15:00:00
760,Lahore,p_7,16.85,0,2023-02-01 16:00:00
761,Lahore,p_30,19.88,1,2023-02-01 17:00:00
762,Quetta,p_57,14.58,2,2023-02-01 18:00:00
763,Quetta,p_76,23.61,1,2023-02-01 19:00:00
764,Lahore,p_98,8.45,1,2023-02-01 20:00:00
765,Quetta,p_46,20.26,4,2023-02-01 21:00:00
766,Lahore,p_64,16.18,1,2023-02-01 22:00:00
767,Islamabad,p_91,1.5,2,2023-02-01 23:00:00
768,Lahore,p_20,32.61,1,2023-02-02 00:00:00
769,Karachi,p_91,15.97,1,2023-02-02 01:00:00
770,Karachi,p_45,11.41,2,2023-02-02 02:00:00
771,Quetta,p_57,6.28,1,2023-02-02 03:00:00
772,Islamabad,p_37,75.49,3,2023-02-02 04:00:00
773,Islamabad,p_12,32.61,0,2023-02-02 05:00:00
774,Quetta,p_0,4.44,3,2023-02-02 06:00:00
775,Quetta,p_67,20.05,1,2023-02-02 07:00:00
776,Karachi,p_46,81.38,2,2023-02-02 08:00:00
777,Quetta,p_42,38.64,2,2023-02-02 09:00:00
778,Islamabad,p_15,4.9,3,2023-02-02 10:00:00
779,Quetta,p_56,12.28,0,2023-02-02 11:00:00
780,Peshawar,p_99,18.44,5,2023-02-02 12:00:00
781,Peshawar,p_87,11.74,0,2023-02-02 13:00:00
782,Lahore,p_4,215.49,5,2023-02-02 14:00:00
783,Lahore,p_43,18.23,2,2023-02-02 15:00:00
784,Karachi,p_32,24.75,2,2023-02-02 16:00:00
785,Karachi,p_18,9.17,3,2023-02-02 17:00:00
786,Peshawar,p_57,4.96,2,2023-02-02 18:00:00
787,Quetta,p_16,30.67,3,2023-02-02 19:00:00
788,Quetta,p_34,5.6,2,2023-02-02 20:00:00
789,Islamabad,p_73,1.91,4,2023-02-02 21:00:00
790,Quetta,p_76,6.48,3,2023-02-02 22:00:00
791,Quetta,p_35,44.27,1,2023-02-02 23:00:00
792,Karachi,p_10,2.73,0,2023-02-03 00:00:00
793,Karachi,p_24,56.33,1,2023-02-03 01:00:00
794,Karachi,p_68,9.84,2,2023-02-03 02:00:00
795,Islamabad,p_80,23.98,3,2023-02-03 03:00:00
796,Peshawar,p_46,5.95,2,2023-02-03 04:00:00
797,Islamabad,p_92,38.11,4,2023-02-03 05:00:00
798,Peshawar,p_36,6.6,0,2023-02-03 06:00:00
799,Islamabad,p_25,19.11,1,2023-02-03 07:00:00
800,Lahore,p_5,14.69,0,2023-02-03 08:00:00
801,Islamabad,p_10,10.88,3,2023-02-03 09:00:00
802,Peshawar,p_13,45.11,1,2023-02-03 10:00:00
803,Peshawar,p_2,3.51,2,2023-02-03 11:00:00
804,Lahore,p_74,89.7,2,2023-02-03 12:00:00
805,Lahore,p_91,33.88,2,2023-02-03 13:00:00
806,Lahore,p_27,14.72,4,2023-02-03 14:00:00
807,Peshawar,p_98,184.7,2,2023-02-03 15:00:00
808,Islamabad,p_94,2.36,0,2023-02-03 16:00:00
809,Peshawar,p_37,66.43,0,2023-02-03 17:00:00
810,Quetta,p_71,11.97,1,2023-02-03 18:00:00
811,Lahore,p_19,48.33,3,2023-02-03 19:00:00
812,Islamabad,p_85,10.67,1,2023-02-03 20:00:00
813,Lahore,p_52,49.93,3,2023-02-03 21:00:00
814,Karachi,p_97,2.63,0,2023-02-03 22:00:00
815,Islamabad,p_22,63.74,0,2023-02-03 23:00:00
816,Quetta,p_58,3.3,0,2023-02-04 00:00:00
817,Islamabad,p_91,42.04,4,2023-02-04 01:00:00
818,Islamabad,p_25,16.45,0,2023-02-04 02:00:00
819,Quetta,p_30,65.79,3,2023-02-04 03:00:00
820,Lahore,p_77,17.72,1,2023-02-04 04:00:00
821,Peshawar,p_84,13.06,3,2023-02-04 05:00:00
822,Lahore,p_88,14.08,4,2023-02-04 06:00:00
823,Islamabad,p_1,10.26,3,2023-02-04 07:00:00
824,Islamabad,p_98,14.3,0,2023-02-04 08:00:00
825,Lahore,p_8,27.87,3,2023-02-04 09:00:00
826,Quetta,p_45,11.71,3,2023-02-04 10:00:00
827,Peshawar,p_98,7.39,2,2023-02-04 11:00:00
828,Quetta,p_75,22.85,2,2023-02-04 12:00:00
829,Islamabad,p_25,20.26,3,2023-02-04 13:00:00
830,Islamabad,p_28,19.81,1,2023-02-04 14:00:00
831,Karachi,p_84,144.37,3,2023-02-04 15:00:00
832,Quetta,p_18,16.55,2,2023-02-04 16:00:00
833,Lahore,p_20,3.65,2,2023-02-04 17:00:00
834,Peshawar,p_24,28.98,4,2023-02-04 18:00:00
835,Lahore,p_87,24.35,4,2023-02-04 19:00:00
836,Islamabad,p_43,6.87,0,2023-02-04 20:00:00
837,Peshawar,p_51,11.35,2,2023-02-04 21:00:00
838,Islamabad,p_19,114.39,2,2023-02-04 22:00:00
839,Lahore,p_72,15.83,3,2023-02-04 23:00:00
840,Islamabad,p_51,25.88,3,2023-02-05 00:00:00
841,Quetta,p_38,22.9,2,2023-02-05 01:00:00
842,Karachi,p_32,61.36,3,2023-02-05 02:00:00
843,Quetta,p_71,1.42,1,2023-02-05 03:00:00
844,Quetta,p_33,27.82,2,2023-02-05 04:00:00
845,Lahore,p_24,77.81,2,2023-02-05 05:00:00
846,Lahore,p_54,79.54,2,2023-02-05 06:00:00
847,Quetta,p_41,57.47,2,2023-02-05 07:00:00
848,Karachi,p_13,2.73,1,2023-02-05 08:00:00
849,Peshawar,p_70,16.27,3,2023-02-05 09:00:00
850,Islamabad,p_60,0.38,0,2023-02-05 10:00:00
851,Quetta,p_59,22.92,3,2023-02-05 11:00:00
852,Quetta,p_23,10.1,1,2023-02-05 12:00:00
853,Lahore,p_84,31.18,3,2023-02-05 13:00:00
854,Quetta,p_21,35.33,1,2023-02-05 14:00:00
855,Peshawar,p_25,15.58,5,2023-02-05 15:00:00
856,Islamabad,p_93,65.17,2,2023-02-05 16:00:00
857,Quetta,p_55,28.5,1,2023-02-05 17:00:00
858,Peshawar,p_20,45.58,3,2023-02-05 18:00:00
859,Quetta,p_70,25.33,2,2023-02-05 19:00:00
860,Quetta,p_17,25.75,0,2023-02-05 20:00:00
861,Islamabad,p_48,117.65,0,2023-02-05 21:00:00
862,Islamabad,p_67,9.65,1,2023-02-05 22:00:00
863,Quetta,p_40,6.83,1,2023-02-05 23:00:00
864,Peshawar,p_91,4.12,0,2023-02-06 00:00:00
865,Lahore,p_89,5.18,0,2023-02-06 01:00:00
866,Islamabad,p_45,9.29,4,2023-02-06 02:00:00
867,Peshawar,p_94,16.47,2,2023-02-06 03:00:00
868,Lahore,p_89,34.67,5,2023-02-06 04:00:00
869,Islamabad,p_86,17.14,3,2023-02-06 05:00:00
870,Lahore,p_64,19.24,0,2023-02-06 06:00:00
871,Islamabad,p_91,3.7,5,2023-02-06 07:00:00
872,Peshawar,p_6,12.29,3,2023-02-06 08:00:00
873,Quetta,p_45,6.38,2,2023-02-06 09:00:00
874,Karachi,p_91,12.89,4,2023-02-06 10:00:00
875,Lahore,p_5,37.03,0,2023-02-06 11:00:00
876,Karachi,p_47,43.61,2,2023-02-06 12:00:00
877,Islamabad,p_99,41.49,2,2023-02-06 13:00:00
878,Islamabad,p_64,117.02,4,2023-02-06 14:00:00
879,Peshawar,p_48,5.81,1,2023-02-06 15:00:00
880,Quetta,p_69,4.62,0,2023-02-06 16:00:00
881,Quetta,p_94,33.5,4,2023-02-06 17:00:00
882,Karachi,p_82,19.45,2,2023-02-06 18:00:00
883,Peshawar,p_76,11.38,3,2023-02-06 19:00:00
884,Karachi,p_14,22.1,4,2023-02-06 20:00:00
885,Peshawar,p_20,6.22,1,2023-02-06 21:00:00
886,Karachi,p_59,124.31,3,2023-02-06 22:00:00
887,Islamabad,p_26,27.05,2,2023-02-06 23:00:00
888,Peshawar,p_66,15.38,3,2023-02-07 00:00:00
889,Karachi,p_87,12.94,2,2023-02-07 01:00:00
890,Karachi,p_22,11.1,2,2023-02-07 02:00:00
891,Peshawar,p_26,4.83,1,2023-02-07 03:00:00
892,Karachi,p_88,14.33,1,2023-02-07 04:00:00
893,Peshawar,p_79,139.61,5,2023-02-07 05:00:00
894,Lahore,p_45,8.23,3,2023-02-07 06:00:00
895,Lahore,p_43,30.81,0,2023-02-07 07:00:00
896,Peshawar,p_68,173.85,2,2023-02-07 08:00:00
897,Islamabad,p_90,34.92,2,2023-02-07 09:00:00
898,Peshawar,p_52,4.65,0,2023-02-07 10:00:00
899,Karachi,p_24,12.56,2,2023-02-07 11:00:00
900,Peshawar,p_35,14.97,2,2023-02-07 12:00:00
901,Karachi,p_99,6.23,0,2023-02-07 13:00:00
902,Quetta,p_53,92.86,3,2023-02-07 14:00:00
903,Islamabad,p_25,20.25,1,2023-02-07 15:00:00
904,Quetta,p_87,8.76,3,2023-02-07 16:00:00
905,Karachi,p_37,27.81,3,2023-02-07 17:00:00
906,Peshawar,p_26,19.54,2,2023-02-07 18:00:00
907,Lahore,p_6,6.26,1,2023-02-07 19:00:00
908,Peshawar,p_36,46.41,3,2023-02-07 20:00:00
909,Karachi,p_7,15.24,3,2023-02-07 21:00:00
910,Lahore,p_10,10.91,3,2023-02-07 22:00:00
911,Lahore,p_93,40.4,1,2023-02-07 23:00:00
912,Karachi,p_92,42.94,2,2023-02-08 00:00:00
913,Quetta,p_4,10.37,2,2023-02-08 01:00:00
914,Quetta,p_23,18.38,3,2023-02-08 02:00:00
915,Quetta,p_27,20.25,2,2023-02-08 03:00:00
916,Karachi,p_87,21.38,1,2023-02-08 04:00:00
917,Karachi,p_18,41.95,3,2023-02-08 05:00:00
918,Lahore,p_11,12.93,1,2023-02-08 06:00:00
919,Karachi,p_96,7.46,1,2023-02-08 07:00:00
920,Lahore,p_33,11.43,2,2023-02-08 08:00:00
921,Quetta,p_79,29.05,2,2023-02-08 09:00:00
922,Peshawar,p_72,5.96,3,2023-02-08 10:00:00
923,Quetta,p_14,393.08,1,2023-02-08 11:00:00
924,Quetta,p_99,30.99,5,2023-02-08 12:00:00
925,Peshawar,p_33,15.78,0,2023-02-08 13:00:00
926,Quetta,p_94,37.12,3,2023-02-08 14:00:00
927,Islamabad,p_79,6.42,4,2023-02-08 15:00:00
928,Karachi,p_67,58.36,2,2023-02-08 16:00:00
929,Lahore,p_38,15.85,1,2023-02-08 17:00:00
930,Lahore,p_92,16.2,3,2023-02-08 18:00:00
931,Lahore,p_53,31.35,0,2023-02-08 19:00:00
932,Lahore,p_85,64.99,2,2023-02-08 20:00:00
933,Lahore,p_93,171.78,1,2023-02-08 21:00:00
934,Quetta,p_81,14.75,3,2023-02-08 22:00:00
935,Quetta,p_47,8.99,2,2023-02-08 23:00:00
936,Lahore,p_71,30.34,1,2023-02-09 00:00:00
937,Peshawar,p_0,19.13,2,2023-02-09 01:00:00
938,Quetta,p_35,17.95,1,2023-02-09 02:00:00
939,Lahore,p_39,15.27,2,2023-02-09 03:00:00
940,Islamabad,p_38,13.18,3,2023-02-09 04:00:00
941,Karachi,p_79,66.45,2,2023-02-09 05:00:00
942,Peshawar,p_68,9.9,1,2023-02-09 06:00:00
943,Quetta,p_91,7.36,4,2023-02-09 07:00:00
944,Islamabad,p_32,30.73,4,2023-02-09 08:00:00
945,Karachi,p_15,4.2,4,2023-02-09 09:00:00
946,Peshawar,p_0,66.57,4,2023-02-09 10:00:00
947,Islamabad,p_59,19.02,1,2023-02-09 11:00:00
948,Quetta,p_74,14.51,3,2023-02-09 12:00:00
949,Karachi,p_80,14.6,2,2023-02-09 13:00:00
950,Lahore,p_41,31.53,2,2023-02-09 14:00:00
951,Peshawar,p_15,11.24,3,2023-02-09 15:00:00
952,Karachi,p_63,41.33,1,2023-02-09 16:00:00
953,Karachi,p_81,30.79,0,2023-02-09 17:00:00
954,Lahore,p_46,9.95,1,2023-02-09 18:00:00
955,Quetta,p_0,16.14,3,2023-02-09 19:00:00
956,Quetta,p_40,75.18,3,2023-02-09 20:00:00
957,Peshawar,p_46,20.27,1,2023-02-09 21:00:00
958,Karachi,p_74,24.41,0,2023-02-09 22:00:00
959,Islamabad,p_80,13.87,5,2023-02-09 23:00:00
960,Quetta,p_63,5.56,1,2023-02-10 00:00:00
961,Karachi,p_53,40.52,0,2023-02-10 01:00:00
962,Lahore,p_86,3.02,1,2023-02-10 02:00:00
963,Lahore,p_44,86.76,0,2023-02-10 03:00:00
964,Karachi,p_35,33.01,3,2023-02-10 04:00:00
965,Peshawar,p_59,15.65,1,2023-02-10 05:00:00
966,Lahore,p_69,7.56,1,2023-02-10 06:00:00
967,Islamabad,p_91,36.77,2,2023-02-10 07:00:00
968,Lahore,p_2,4.89,4,2023-02-10 08:00:00
969,Quetta,p_79,5.26,1,2023-02-10 09:00:00
970,Islamabad,p_63,15.03,4,2023-02-10 10:00:00
971,Quetta,p_51,27.13,0,2023-02-10 11:00:00
972,Peshawar,p_53,9.39,4,2023-02-10 12:00:00
973,Lahore,p_71,9.77,2,2023-02-10 13:00:00
974,Karachi,p_60,75.43,2,2023-02-10 14:00:00
975,Lahore,p_94,11.25,5,2023-02-10 15:00:00
976,Quetta,p_74,32.47,1,2023-02-10 16:00:00
977,Karachi,p_13,84.79,4,2023-02-10 17:00:00
978,Karachi,p_64,66.51,3,2023-02-10 18:00:00
979,Quetta,p_83,88.2,5,2023-02-10 19:00:00
980,Quetta,p_28,7.07,4,2023-02-10 20:00:00
981,Karachi,p_24,3.89,0,2023-02-10 21:00:00
982,Karachi,p_58,19.96,4,2023-02-10 22:00:00
983,Peshawar,p_44,33.63,2,2023-02-10 23:00:00
984,Peshawar,p_93,8.05,2,2023-02-11 00:00:00
985,Peshawar,p_9,7.57,0,2023-02-11 01:00:00
986,Lahore,p_70,36.77,2,2023-02-11 02:00:00
987,Quetta,p_39,20.51,0,2023-02-11 03:00:00
988,Peshawar,p_24,23.2,1,2023-02-11 04:00:00
989,Islamabad,p_65,21.51,1,2023-02-11 05:00:00
990,Islamabad,p_94,4.97,1,2023-02-11 06:00:00
991,Peshawar,p_63,54.01,2,2023-02-11 07:00:00
992,Karachi,p_45,12.48,2,2023-02-11 08:00:00
993,Karachi,p_80,13.46,2,2023-02-11 09:00:00
994,Peshawar,p_88,6.02,1,2023-02-11 10:00:00
995,Quetta,p_25,56.51,1,2023-02-11 11:00:00
996,Islamabad,p_12,9.9,2,2023-02-11 12:00:00
997,Quetta,p_45,6.86,1,2023-02-11 13:00:00
998,Quetta,p_40,7.3,3,2023-02-11 14:00:00
999,Islamabad,p_47,45.23,3,2023-02-11 15:00:00
1000,Quetta,p_76,6.31,2,2023-02-11 16:00:00
1001,Peshawar,p_60,247.79,4,2023-02-11 17:00:00
1002,Islamabad,p_10,23.33,4,2023-02-11 18:00:00
1003,Quetta,p_79,132.17,0,2023-02-11 19:00:00
1004,Peshawar,p_14,27.95,1,2023-02-11 20:00:00
1005,Islamabad,p_98,61.47,0,2023-02-11 21:00:00
1006,Islamabad,p_79,36.5,4,2023-02-11 22:00:00
1007,Peshawar,p_99,40.65,0,2023-02-11 23:00:00
1008,Lahore,p_78,19.87,1,2023-02-12 00:00:00
1009,Islamabad,p_35,90.33,0,2023-02-12 01:00:00
1010,Peshawar,p_43,49.64,1,2023-02-12 02:00:00
1011,Islamabad,p_34,23.07,2,2023-02-12 03:00:00
1012,Quetta,p_14,10.22,3,2023-02-12 04:00:00
1013,Islamabad,p_47,57.44,0,2023-02-12 05:00:00
1014,Islamabad,p_22,9.94,2,2023-02-12 06:00:00
1015,Peshawar,p_8,24.15,3,2023-02-12 07:00:00
1016,Quetta,p_27,19.72,3,2023-02-12 08:00:00
1017,Karachi,p_51,37.55,2,2023-02-12 09:00:00
1018,Islamabad,p_83,12.08,0,2023-02-12 10:00:00
1019,Quetta,p_89,40.91,3,2023-02-12 11:00:00
1020,Islamabad,p_26,16.03,3,2023-02-12 12:00:00
1021,Lahore,p_91,7.0,1,2023-02-12 13:00:00
1022,Peshawar,p_48,6.25,2,2023-02-12 14:00:00
1023,Islamabad,p_32,12.84,3,2023-02-12 15:00:00
1024,Quetta,p_71,5.04,2,2023-02-12 16:00:00
1025,Islamabad,p_41,35.46,2,2023-02-12 17:00:00
1026,Peshawar,p_19,38.77,0,2023-02-12 18:00:00
1027,Karachi,p_81,87.78,1,2023-02-12 19:00:00
1028,Islamabad,p_10,25.88,3,2023-02-12 20:00:00
1029,Quetta,p_65,40.46,1,2023-02-12 21:00:00
1030,Lahore,p_70,84.72,1,2023-02-12 22:00:00
1031,Lahore,p_86,13.16,1,2023-02-12 23:00:00
1032,Peshawar,p_95,33.38,1,2023-02-13 00:00:00
1033,Islamabad,p_59,18.23,1,2023-02-13 01:00:00
1034,Islamabad,p_42,27.63,1,2023-02-13 02:00:00
1035,Islamabad,p_73,15.61,2,2023-02-13 03:00:00
1036,Peshawar,p_74,13.71,1,2023-02-13 04:00:00
1037,Peshawar,p_82,40.06,0,2023-02-13 05:00:00
1038,Quetta,p_87,20.36,3,2023-02-13 06:00:00
1039,Quetta,p_24,29.08,0,2023-02-13 07:00:00
1040,Quetta,p_21,9.67,0,2023-02-13 08:00:00
1041,Lahore,p_17,32.99,3,2023-02-13 09:00:00
1042,Karachi,p_96,23.67,2,2023-02-13 10:00:00
1043,Quetta,p_34,20.85,0,2023-02-13 11:00:00
1044,Islamabad,p_19,32.66,0,2023-02-13 12:00:00
1045,Karachi,p_38,33.0,1,2023-02-13 13:00:00
1046,Lahore,p_48,79.5,3,2023-02-13 14:00:00
1047,Peshawar,p_62,6.05,0,2023-02-13 15:00:00
1048,Peshawar,p_8,29.86,1,2023-02-13 16:00:00
1049,Islamabad,p_48,63.4,2,2023-02-13 17:00:00
1050,Quetta,p_16,7.93,1,2023-02-13 18:00:00
1051,Lahore,p_58,54.7,3,2023-02-13 19:00:00
1052,Karachi,p_4,55.74,1,2023-02-13 20:00:00
1053,Lahore,p_88,3.85,1,2023-02-13 21:00:00
1054,Karachi,p_59,11.2,2,2023-02-13 22:00:00
1055,Peshawar,p_58,36.8,0,2023-02-13 23:00:00
1056,Islamabad,p_93,12.43,0,2023-02-14 00:00:00
1057,Islamabad,p_49,5.66,1,2023-02-14 01:00:00
1058,Peshawar,p_79,8.71,1,2023-02-14 02:00:00
1059,Karachi,p_65,49.26,1,2023-02-14 03:00:00
1060,Karachi,p_35,28.6,3,2023-02-14 04:00:00
1061,Quetta,p_73,5.5,1,2023-02-14 05:00:00
1062,Peshawar,p_10,7.84,0,2023-02-14 06:00:00
1063,Quetta,p_6,36.94,2,2023-02-14 07:00:00
1064,Islamabad,p_71,20.16,0,2023-02-14 08:00:00
1065,Islamabad,p_19,17.88,2,2023-02-14 09:00:00
1066,Quetta,p_27,10.93,4,2023-02-14 10:00:00
1067,Peshawar,p_80,57.98,4,2023-02-14 11:00:00
1068,Lahore,p_45,48.96,4,2023-02-14 12:00:00
1069,Karachi,p_64,51.06,0,2023-02-14 13:00:00
1070,Karachi,p_84,90.44,2,2023-02-14 14:00:00
1071,Lahore,p_48,18.42,0,2023-02-14 15:00:00
1072,Peshawar,p_2,2.85,2,2023-02-14 16:00:00
1073,Islamabad,p_8,71.72,5,2023-02-14 17:00:00
1074,Karachi,p_16,17.84,3,2023-02-14 18:00:00
1075,Islamabad,p_16,19.86,2,2023-02-14 19:00:00
1076,Lahore,p_93,30.75,1,2023-02-14 20:00:00
1077,Quetta,p_49,8.26,3,2023-02-14 21:00:00
1078,Karachi,p_24,24.04,0,2023-02-14 22:00:00
1079,Quetta,p_42,14.17,2,2023-02-14 23:00:00
1080,Karachi,p_86,84.93,2,2023-02-15 00:00:00
1081,Karachi,p_8,59.24,1,2023-02-15 01:00:00
1082,Peshawar,p_71,3.93,4,2023-02-15 02:00:00
1083,Islamabad,p_60,38.94,1,2023-02-15 03:00:00
1084,Peshawar,p_95,29.66,5,2023-02-15 04:00:00
1085,Quetta,p_40,30.61,3,2023-02-15 05:00:00
1086,Karachi,p_62,42.44,1,2023-02-15 06:00:00
1087,Karachi,p_21,5.41,1,2023-02-15 07:00:00
1088,Lahore,p_54,71.31,1,2023-02-15 08:00:00
1089,Karachi,p_61,32.45,2,2023-02-15 09:00:00
1090,Islamabad,p_71,28.85,1,2023-02-15 10:00:00
1091,Islamabad,p_39,23.2,0,2023-02-15 11:00:00
1092,Islamabad,p_72,36.01,0,2023-02-15 12:00:00
1093,Islamabad,p_93,13.39,2,2023-02-15 13:00:00
1094,Islamabad,p_88,11.99,3,2023-02-15 14:00:00
1095,Peshawar,p_46,16.22,1,2023-02-15 15:00:00
1096,Islamabad,p_3,36.98,3,2023-02-15 16:00:00
1097,Lahore,p_23,45.51,0,2023-02-15 17:00:00
1098,Quetta,p_85,12.51,3,2023-02-15 18:00:00
1099,Quetta,p_36,8.71,3,2023-02-15 19:00:00
1100,Peshawar,p_94,9.95,1,2023-02-15 20:00:00
1101,Karachi,p_92,10.71,1,2023-02-15 21:00:00
1102,Karachi,p_46,20.19,0,2023-02-15 22:00:00
1103,Islamabad,p_13,38.43,0,2023-02-15 23:00:00
1104,Peshawar,p_73,29.21,0,2023-02-16 00:00:00
1105,Islamabad,p_16,35.3,4,2023-02-16 01:00:00
1106,Islamabad,p_81,33.19,0,2023-02-16 02:00:00
1107,Quetta,p_60,30.53,2,2023-02-16 03:00:00
1108,Islamabad,p_25,24.54,1,2023-02-16 04:00:00
1109,Quetta,p_71,15.66,0,2023-02-16 05:00:00
1110,Karachi,p_56,58.82,3,2023-02-16 06:00:00
1111,Quetta,p_85,16.34,3,2023-02-16 07:00:00
1112,Peshawar,p_91,6.54,2,2023-02-16 08:00:00
1113,Lahore,p_24,18.16,2,2023-02-16 09:00:00
1114,Lahore,p_14,55.68,4,2023-02-16 10:00:00
1115,Islamabad,p_60,45.87,3,2023-02-16 11:00:00
1116,Lahore,p_93,42.16,1,2023-02-16 12:00:00
1117,Karachi,p_7,91.22,0,2023-02-16 13:00:00
1118,Peshawar,p_59,8.33,3,2023-02-16 14:00:00
1119,Lahore,p_39,12.47,3,2023-02-16 15:00:00
1120,Quetta,p_2,17.5,1,2023-02-16 16:00:00
1121,Peshawar,p_68,30.22,0,2023-02-16 17:00:00
1122,Islamabad,p_19,6.52,2,2023-02-16 18:00:00
1123,Islamabad,p_14,135.88,3,2023-02-16 19:00:00
1124,Quetta,p_16,22.87,3,2023-02-16 20:00:00
1125,Karachi,p_81,10.59,2,2023-02-16 21:00:00
1126,Quetta,p_79,10.16,4,2023-02-16 22:00:00
1127,Karachi,p_42,19.11,2,2023-02-16 23:00:00
1128,Karachi,p_24,18.28,2,2023-02-17 00:00:00
1129,Lahore,p_1,67.11,2,2023-02-17 01:00:00
1130,Quetta,p_99,35.74,3,2023-02-17 02:00:00
1131,Islamabad,p_83,69.64,1,2023-02-17 03:00:00
1132,Peshawar,p_47,73.68,3,2023-02-17 04:00:00
1133,Lahore,p_35,8.93,3,2023-02-17 05:00:00
1134,Quetta,p_64,10.59,2,2023-02-17 06:00:00
1135,Peshawar,p_13,12.35,1,2023-02-17 07:00:00
1136,Karachi,p_34,76.39,3,2023-02-17 08:00:00
1137,Karachi,p_44,13.58,0,2023-02-17 09:00:00
1138,Lahore,p_29,16.01,4,2023-02-17 10:00:00
1139,Peshawar,p_20,37.37,2,2023-02-17 11:00:00
1140,Lahore,p_7,8.62,1,2023-02-17 12:00:00
1141,Islamabad,p_46,2.85,4,2023-02-17 13:00:00
1142,Peshawar,p_31,6.74,4,2023-02-17 14:00:00
1143,Karachi,p_5,8.69,1,2023-02-17 15:00:00
1144,Peshawar,p_14,50.48,2,2023-02-17 16:00:00
1145,Islamabad,p_68,27.77,1,2023-02-17 17:00:00
1146,Lahore,p_51,12.62,1,2023-02-17 18:00:00
1147,Karachi,p_58,18.19,1,2023-02-17 19:00:00
1148,Islamabad,p_99,50.5,1,2023-02-17 20:00:00
1149,Peshawar,p_90,16.77,1,2023-02-17 21:00:00
1150,Quetta,p_50,19.9,3,2023-02-17 22:00:00
1151,Islamabad,p_76,12.88,1,2023-02-17 23:00:00
1152,Lahore,p_96,43.68,2,2023-02-18 00:00:00
1153,Karachi,p_49,7.45,1,2023-02-18 01:00:00
1154,Peshawar,p_84,6.01,1,2023-02-18 02:00:00
1155,Lahore,p_99,36.79,2,2023-02-18 03:00:00
1156,Lahore,p_45,24.38,0,2023-02-18 04:00:00
1157,Islamabad,p_44,8.98,4,2023-02-18 05:00:00
1158,Quetta,p_13,26.95,2,2023-02-18 06:00:00
1159,Karachi,p_64,22.27,0,2023-02-18 07:00:00
1160,Lahore,p_61,9.87,4,2023-02-18 08:00:00
1161,Karachi,p_71,22.99,3,2023-02-18 09:00:00
1162,Peshawar,p_39,63.26,0,2023-02-18 10:00:00
1163,Lahore,p_73,43.48,3,2023-02-18 11:00:00
1164,Lahore,p_85,12.85,2,2023-02-18 12:00:00
1165,Peshawar,p_26,23.92,2,2023-02-18 13:00:00
1166,Peshawar,p_95,22.95,2,2023-02-18 14:00:00
1167,Lahore,p_58,15.66,2,2023-02-18 15:00:00
1168,Lahore,p_64,13.07,1,2023-02-18 16:00:00
1169,Lahore,p_97,69.05,2,2023-02-18 17:00:00
1170,Lahore,p_41,5.69,2,2023-02-18 18:00:00
1171,Karachi,p_68,19.78,1,2023-02-18 19:00:00
1172,Peshawar,p_34,51.87,1,2023-02-18 20:00:00
1173,Quetta,p_12,4.06,1,2023-02-18 21:00:00
1174,Quetta,p_18,6.21,5,2023-02-18 22:00:00
1175,Islamabad,p_57,86.3,3,2023-02-18 23:00:00
1176,Lahore,p_19,6.79,1,2023-02-19 00:00:00
1177,Islamabad,p_62,29.39,0,2023-02-19 01:00:00
1178,Lahore,p_86,26.96,4,2023-02-19 02:00:00
1179,Quetta,p_5,19.72,2,2023-02-19 03:00:00
1180,Lahore,p_55,5.7,1,2023-02-19 04:00:00
1181,Karachi,p_87,31.21,1,2023-02-19 05:00:00
1182,Lahore,p_82,23.52,1,2023-02-19 06:00:00
1183,Quetta,p_46,8.6,1,2023-02-19 07:00:00
1184,Lahore,p_71,35.22,3,2023-02-19 08:00:00
1185,Lahore,p_72,8.12,4,2023-02-19 09:00:00
1186,Karachi,p_5,21.33,0,2023-02-19 10:00:00
1187,Lahore,p_24,12.85,3,2023-02-19 11:00:00
1188,Lahore,p_30,28.93,1,2023-02-19 12:00:00
1189,Quetta,p_70,11.57,5,2023-02-19 13:00:00
1190,Peshawar,p_52,11.56,1,2023-02-19 14:00:00
1191,Lahore,p_10,5.77,2,2023-02-19 15:00:00
1192,Islamabad,p_95,39.26,4,2023-02-19 16:00:00
1193,Quetta,p_31,4.5,1,2023-02-19 17:00:00
1194,Islamabad,p_88,53.75,1,2023-02-19 18:00:00
1195,Peshawar,p_99,39.67,2,2023-02-19 19:00:00
1196,Quetta,p_40,50.51,1,2023-02-19 20:00:00
1197,Lahore,p_24,58.21,1,2023-02-19 21:00:00
1198,Lahore,p_46,32.82,6,2023-02-19 22:00:00
1199,Quetta,p_81,5.62,0,2023-02-19 23:00:00
1200,Karachi,p_42,27.4,1,2023-02-20 00:00:00
1201,Karachi,p_44,27.34,3,2023-02-20 01:00:00
1202,Peshawar,p_53,8.88,3,2023-02-20 02:00:00
1203,Lahore,p_68,8.24,1,2023-02-20 03:00:00
1204,Karachi,p_5,4.3,1,2023-02-20 04:00:00
1205,Islamabad,p_7,24.74,4,2023-02-20 05:00:00
1206,Karachi,p_35,2.98,4,2023-02-20 06:00:00
1207,Islamabad,p_99,38.6,0,2023-02-20 07:00:00
1208,Karachi,p_0,23.13,2,2023-02-20 08:00:00
1209,Karachi,p_80,6.43,2,2023-02-20 09:00:00
1210,Quetta,p_84,38.74,3,2023-02-20 10:00:00
1211,Islamabad,p_30,26.14,3,2023-02-20 11:00:00
1212,Karachi,p_96,19.31,1,2023-02-20 12:00:00
1213,Quetta,p_25,20.7,1,2023-02-20 13:00:00
1214,Islamabad,p_8,16.66,3,2023-02-20 14:00:00
1215,Islamabad,p_98,208.92,1,2023-02-20 15:00:00
1216,Peshawar,p_83,31.8,0,2023-02-20 16:00:00
1217,Lahore,p_58,12.25,4,2023-02-20 17:00:00
1218,Peshawar,p_17,4.06,1,2023-02-20 18:00:00
1219,Karachi,p_21,2.67,1,2023-02-20 19:00:00
1220,Lahore,p_40,33.62,1,2023-02-20 20:00:00
1221,Quetta,p_49,17.26,0,2023-02-20 21:00:00
1222,Islamabad,p_56,45.3,3,2023-02-20 22:00:00
1223,Peshawar,p_25,31.83,0,2023-02-20 23:00:00
1224,Karachi,p_66,26.82,1,2023-02-21 00:00:00
1225,Islamabad,p_92,6.71,2,2023-02-21 01:00:00
1226,Karachi,p_2,9.23,1,2023-02-21 02:00:00
1227,Quetta,p_97,121.82,1,2023-02-21 03:00:00
1228,Karachi,p_41,16.42,0,2023-02-21 04:00:00
1229,Karachi,p_69,12.18,1,2023-02-21 05:00:00
1230,Karachi,p_10,13.68,3,2023-02-21 06:00:00
1231,Islamabad,p_30,43.47,3,2023-02-21 07:00:00
1232,Quetta,p_6,18.99,2,2023-02-21 08:00:00
1233,Karachi,p_94,15.25,1,2023-02-21 09:00:00
1234,Karachi,p_75,32.63,2,2023-02-21 10:00:00
1235,Peshawar,p_73,59.45,2,2023-02-21 11:00:00
1236,Islamabad,p_85,5.44,1,2023-02-21 12:00:00
1237,Islamabad,p_79,21.22,3,2023-02-21 13:00:00
1238,Karachi,p_55,10.06,2,2023-02-21 14:00:00
1239,Lahore,p_18,22.57,3,2023-02-21 15:00:00
1240,Peshawar,p_97,23.67,1,2023-02-21 16:00:00
1241,Karachi,p_3,9.51,2,2023-02-21 17:00:00
1242,Peshawar,p_17,2.98,1,2023-02-21 18:00:00
1243,Islamabad,p_5,30.77,4,2023-02-21 19:00:00
1244,Quetta,p_50,8.49,1,2023-02-21 20:00:00
1245,Karachi,p_33,20.62,1,2023-02-21 21:00:00
1246,Peshawar,p_94,188.22,2,2023-02-21 22:00:00
1247,Islamabad,p_23,25.65,0,2023-02-21 23:00:00
1248,Karachi,p_39,16.81,2,2023-02-22 00:00:00
1249,Quetta,p_25,5.16,2,2023-02-22 01:00:00
1250,Islamabad,p_82,35.4,3,2023-02-22 02:00:00
1251,Peshawar,p_70,85.44,2,2023-02-22 03:00:00
1252,Quetta,p_4,31.13,0,2023-02-22 04:00:00
1253,Islamabad,p_96,2.59,0,2023-02-22 05:00:00
1254,Karachi,p_74,27.27,1,2023-02-22 06:00:00
1255,Karachi,p_54,15.75,5,2023-02-22 07:00:00
1256,Quetta,p_28,28.59,1,2023-02-22 08:00:00
1257,Quetta,p_25,6.8,2,2023-02-22 09:00:00
1258,Quetta,p_33,26.23,4,2023-02-22 10:00:00
1259,Quetta,p_30,13.55,3,2023-02-22 11:00:00
1260,Islamabad,p_89,10.21,1,2023-02-22 12:00:00
1261,Peshawar,p_86,51.5,1,2023-02-22 13:00:00
1262,Islamabad,p_48,21.46,5,2023-02-22 14:00:00
1263,Quetta,p_72,24.75,4,2023-02-22 15:00:00
1264,Islamabad,p_3,11.74,1,2023-02-22 16:00:00
1265,Peshawar,p_26,18.46,0,2023-02-22 17:00:00
1266,Peshawar,p_81,10.12,2,2023-02-22 18:00:00
1267,Islamabad,p_95,19.01,1,2023-02-22 19:00:00
1268,Lahore,p_14,56.27,4,2023-02-22 20:00:00
1269,Quetta,p_61,18.0,4,2023-02-22 21:00:00
1270,Peshawar,p_22,15.84,1,2023-02-22 22:00:00
1271,Islamabad,p_44,4.01,2,2023-02-22 23:00:00
1272,Islamabad,p_65,7.0,3,2023-02-23 00:00:00
1273,Karachi,p_59,95.36,0,2023-02-23 01:00:00
1274,Islamabad,p_23,31.01,3,2023-02-23 02:00:00
1275,Quetta,p_32,28.01,2,2023-02-23 03:00:00
1276,Karachi,p_89,7.37,0,2023-02-23 04:00:00
1277,Quetta,p_18,28.88,4,2023-02-23 05:00:00
1278,Peshawar,p_29,16.85,2,2023-02-23 06:00:00
1279,Lahore,p_71,8.94,2,2023-02-23 07:00:00
1280,Lahore,p_91,5.83,3,2023-02-23 08:00:00
1281,Islamabad,p_57,38.72,3,2023-02-23 09:00:00
1282,Peshawar,p_64,12.4,0,2023-02-23 10:00:00
1283,Peshawar,p_78,13.1,2,2023-02-23 11:00:00
1284,Quetta,p_19,33.65,4,2023-02-23 12:00:00
1285,Quetta,p_84,26.19,1,2023-02-23 13:00:00
1286,Quetta,p_67,65.07,3,2023-02-23 14:00:00
1287,Peshawar,p_47,10.32,3,2023-02-23 15:00:00
1288,Karachi,p_16,73.29,0,2023-02-23 16:00:00
1289,Karachi,p_34,9.93,4,2023-02-23 17:00:00
1290,Peshawar,p_48,3.15,3,2023-02-23 18:00:00
1291,Karachi,p_89,30.9,1,2023-02-23 19:00:00
1292,Islamabad,p_99,14.93,2,2023-02-23 20:00:00
1293,Peshawar,p_58,38.02,0,2023-02-23 21:00:00
1294,Islamabad,p_85,4.95,6,2023-02-23 22:00:00
1295,Islamabad,p_54,56.15,1,2023-02-23 23:00:00
1296,Islamabad,p_64,4.54,0,2023-02-24 00:00:00
1297,Quetta,p_82,37.3,2,2023-02-24 01:00:00
1298,Karachi,p_37,11.28,2,2023-02-24 02:00:00
1299,Islamabad,p_59,8.5,5,2023-02-24 03:00:00
1300,Islamabad,p_21,21.33,1,2023-02-24 04:00:00
1301,Quetta,p_22,24.16,3,2023-02-24 05:00:00
1302,Quetta,p_87,31.06,1,2023-02-24 06:00:00
1303,Islamabad,p_42,46.26,3,2023-02-24 07:00:00
1304,Islamabad,p_94,63.95,0,2023-02-24 08:00:00
1305,Quetta,p_75,40.72,2,2023-02-24 09:00:00
1306,Lahore,p_96,21.61,1,2023-02-24 10:00:00
1307,Peshawar,p_99,23.14,3,2023-02-24 11:00:00
1308,Quetta,p_25,7.09,1,2023-02-24 12:00:00
1309,Lahore,p_52,109.48,4,2023-02-24 13:00:00
1310,Quetta,p_78,14.72,4,2023-02-24 14:00:00
1311,Lahore,p_25,79.54,2,2023-02-24 15:00:00
1312,Peshawar,p_5,22.22,0,2023-02-24 16:00:00
1313,Quetta,p_12,4.78,0,2023-02-24 17:00:00
1314,Karachi,p_21,50.19,5,2023-02-24 18:00:00
1315,Karachi,p_86,31.81,5,2023-02-24 19:00:00
1316,Peshawar,p_56,22.84,2,2023-02-24 20:00:00
1317,Karachi,p_21,9.52,0,2023-02-24 21:00:00
1318,Islamabad,p_62,48.06,1,2023-02-24 22:00:00
1319,Karachi,p_71,11.25,1,2023-02-24 23:00:00
1320,Islamabad,p_8,7.45,4,2023-02-25 00:00:00
1321,Peshawar,p_56,38.93,2,2023-02-25 01:00:00
1322,Peshawar,p_36,2.51,0,2023-02-25 02:00:00
1323,Karachi,p_16,145.93,4,2023-02-25 03:00:00
1324,Islamabad,p_69,55.67,0,2023-02-25 04:00:00
1325,Karachi,p_84,7.52,3,2023-02-25 05:00:00
1326,Peshawar,p_77,22.25,1,2023-02-25 06:00:00
1327,Karachi,p_62,6.63,3,2023-02-25 07:00:00
1328,Lahore,p_13,17.24,3,2023-02-25 08:00:00
1329,Karachi,p_80,13.39,1,2023-02-25 09:00:00
1330,Karachi,p_90,14.57,2,2023-02-25 10:00:00
1331,Lahore,p_7,20.91,0,2023-02-25 11:00:00
1332,Lahore,p_62,3.43,1,2023-02-25 12:00:00
1333,Islamabad,p_37,14.23,3,2023-02-25 13:00:00
1334,Quetta,p_2,6.28,1,2023-02-25 14:00:00
1335,Karachi,p_16,68.43,4,2023-02-25 15:00:00
1336,Quetta,p_66,20.74,1,2023-02-25 16:00:00
1337,Karachi,p_99,39.1,3,2023-02-25 17:00:00
1338,Karachi,p_49,60.88,4,2023-02-25 18:00:00
1339,Quetta,p_6,19.75,3,2023-02-25 19:00:00
1340,Quetta,p_47,26.66,1,2023-02-25 20:00:00
1341,Quetta,p_83,12.82,4,2023-02-25 21:00:00
1342,Lahore,p_2,9.25,2,2023-02-25 22:00:00
1343,Quetta,p_34,21.49,2,2023-02-25 23:00:00
1344,Islamabad,p_54,8.59,3,2023-02-26 00:00:00
1345,Karachi,p_77,40.49,2,2023-02-26 01:00:00
1346,Peshawar,p_79,34.94,2,2023-02-26 02:00:00
1347,Quetta,p_6,22.38,1,2023-02-26 03:00:00
1348,Peshawar,p_90,64.26,0,2023-02-26 04:00:00
1349,Quetta,p_33,20.73,3,2023-02-26 05:00:00
1350,Peshawar,p_49,14.96,2,2023-02-26 06:00:00
1351,Peshawar,p_44,15.35,2,2023-02-26 07:00:00
1352,Karachi,p_34,21.73,0,2023-02-26 08:00:00
1353,Lahore,p_72,4.37,3,2023-02-26 09:00:00
1354,Islamabad,p_75,27.25,3,2023-02-26 10:00:00
1355,Quetta,p_63,29.17,4,2023-02-26 11:00:00
1356,Quetta,p_75,52.92,2,2023-02-26 12:00:00
1357,Islamabad,p_53,2.9,2,2023-02-26 13:00:00
1358,Islamabad,p_77,54.26,0,2023-02-26 14:00:00
1359,Karachi,p_29,20.7,0,2023-02-26 15:00:00
1360,Peshawar,p_87,28.4,3,2023-02-26 16:00:00
1361,Karachi,p_71,10.3,4,2023-02-26 17:00:00
1362,Karachi,p_2,4.44,1,2023-02-26 18:00:00
1363,Islamabad,p_31,65.24,2,2023-02-26 19:00:00
1364,Peshawar,p_33,4.08,6,2023-02-26 20:00:00
1365,Lahore,p_37,16.68,1,2023-02-26 21:00:00
1366,Islamabad,p_29,30.66,4,2023-02-26 22:00:00
1367,Islamabad,p_98,32.85,2,2023-02-26 23:00:00
1368,Peshawar,p_87,17.02,1,2023-02-27 00:00:00
1369,Peshawar,p_65,19.37,3,2023-02-27 01:00:00
1370,Quetta,p_32,10.51,3,2023-02-27 02:00:00
1371,Lahore,p_96,38.7,3,2023-02-27 03:00:00
1372,Peshawar,p_36,5.92,6,2023-02-27 04:00:00
1373,Karachi,p_38,13.87,5,2023-02-27 05:00:00
1374,Quetta,p_65,10.52,3,2023-02-27 06:00:00
1375,Lahore,p_36,19.65,3,2023-02-27 07:00:00
1376,Karachi,p_75,22.97,1,2023-02-27 08:00:00
1377,Quetta,p_38,30.31,3,2023-02-27 09:00:00
1378,Peshawar,p_70,29.23,3,2023-02-27 10:00:00
1379,Islamabad,p_97,10.21,1,2023-02-27 11:00:00
1380,Quetta,p_14,32.72,2,2023-02-27 12:00:00
1381,Karachi,p_86,14.56,1,2023-02-27 13:00:00
1382,Islamabad,p_66,18.91,0,2023-02-27 14:00:00
1383,Karachi,p_63,18.65,1,2023-02-27 15:00:00
1384,Quetta,p_53,25.66,1,2023-02-27 16:00:00
1385,Quetta,p_35,15.29,2,2023-02-27 17:00:00
1386,Islamabad,p_59,0.72,3,2023-02-27 18:00:00
1387,Lahore,p_13,14.25,4,2023-02-27 19:00:00
1388,Islamabad,p_52,21.62,2,2023-02-27 20:00:00
1389,Peshawar,p_89,53.57,3,2023-02-27 21:00:00
1390,Islamabad,p_27,13.92,1,2023-02-27 22:00:00
1391,Lahore,p_99,12.8,4,2023-02-27 23:00:00
1392,Lahore,p_35,28.11,0,2023-02-28 00:00:00
1393,Peshawar,p_72,3.41,2,2023-02-28 01:00:00
1394,Peshawar,p_83,58.09,1,2023-02-28 02:00:00
1395,Islamabad,p_15,13.54,4,2023-02-28 03:00:00
1396,Islamabad,p_23,31.38,2,2023-02-28 04:00:00
1397,Islamabad,p_59,5.87,2,2023-02-28 05:00:00
1398,Karachi,p_92,19.26,4,2023-02-28 06:00:00
1399,Karachi,p_94,2.09,4,2023-02-28 07:00:00
1400,Peshawar,p_97,24.35,2,2023-02-28 08:00:00
1401,Islamabad,p_10,6.6,2,2023-02-28 09:00:00
1402,Quetta,p_1,15.87,1,2023-02-28 10:00:00
1403,Peshawar,p_55,19.43,3,2023-02-28 11:00:00
1404,Lahore,p_47,8.27,0,2023-02-28 12:00:00
1405,Peshawar,p_54,6.83,4,2023-02-28 13:00:00
1406,Quetta,p_56,12.23,0,2023-02-28 14:00:00
1407,Karachi,p_81,13.98,3,2023-02-28 15:00:00
1408,Karachi,p_6,16.76,3,2023-02-28 16:00:00
1409,Karachi,p_11,5.99,2,2023-02-28 17:00:00
1410,Peshawar,p_53,6.62,4,2023-02-28 18:00:00
1411,Peshawar,p_19,8.81,0,2023-02-28 19:00:00
1412,Quetta,p_38,6.27,4,2023-02-28 20:00:00
1413,Peshawar,p_68,62.05,1,2023-02-28 21:00:00
1414,Quetta,p_60,7.69,0,2023-02-28 22:00:00
1415,Karachi,p_73,33.0,4,2023-02-28 23:00:00
1416,Quetta,p_85,45.43,2,2023-03-01 00:00:00
1417,Karachi,p_48,45.84,0,2023-03-01 01:00:00
1418,Islamabad,p_57,10.32,1,2023-03-01 02:00:00
1419,Peshawar,p_68,47.1,1,2023-03-01 03:00:00
1420,Peshawar,p_11,14.67,1,2023-03-01 04:00:00
1421,Karachi,p_96,192.06,3,2023-03-01 05:00:00
1422,Islamabad,p_99,11.25,2,2023-03-01 06:00:00
1423,Peshawar,p_44,102.75,2,2023-03-01 07:00:00
1424,Peshawar,p_25,13.75,2,2023-03-01 08:00:00
1425,Islamabad,p_80,95.41,3,2023-03-01 09:00:00
1426,Quetta,p_13,6.5,2,2023-03-01 10:00:00
1427,Lahore,p_74,123.74,1,2023-03-01 11:00:00
1428,Lahore,p_52,6.77,4,2023-03-01 12:00:00
1429,Quetta,p_47,56.19,2,2023-03-01 13:00:00
1430,Quetta,p_86,32.75,3,2023-03-01 14:00:00
1431,Lahore,p_7,16.8,1,2023-03-01 15:00:00
1432,Lahore,p_34,116.47,5,2023-03-01 16:00:00
1433,Peshawar,p_3,18.54,0,2023-03-01 17:00:00
1434,Quetta,p_5,9.42,0,2023-03-01 18:00:00
1435,Islamabad,p_48,32.36,1,2023-03-01 19:00:00
1436,Karachi,p_53,33.25,3,2023-03-01 20:00:00
1437,Lahore,p_25,45.7,2,2023-03-01 21:00:00
1438,Karachi,p_65,141.56,1,2023-03-01 22:00:00
1439,Karachi,p_31,56.6,4,2023-03-01 23:00:00
1440,Karachi,p_17,8.61,4,2023-03-02 00:00:00
1441,Karachi,p_38,5.48,0,2023-03-02 01:00:00
1442,Peshawar,p_74,4.33,1,2023-03-02 02:00:00
1443,Peshawar,p_79,34.21,1,2023-03-02 03:00:00
1444,Peshawar,p_75,41.45,5,2023-03-02 04:00:00
1445,Lahore,p_28,6.31,0,2023-03-02 05:00:00
1446,Peshawar,p_77,13.82,0,2023-03-02 06:00:00
1447,Lahore,p_80,17.74,2,2023-03-02 07:00:00
1448,Quetta,p_75,56.12,2,2023-03-02 08:00:00
1449,Karachi,p_58,19.07,0,2023-03-02 09:00:00
1450,Islamabad,p_24,14.99,2,2023-03-02 10:00:00
1451,Islamabad,p_14,56.81,2,2023-03-02 11:00:00
1452,Peshawar,p_63,97.7,2,2023-03-02 12:00:00
1453,Karachi,p_86,23.55,1,2023-03-02 13:00:00
1454,Lahore,p_32,132.24,3,2023-03-02 14:00:00
1455,Peshawar,p_90,11.87,0,2023-03-02 15:00:00
1456,Lahore,p_1,17.21,1,2023-03-02 16:00:00
1457,Karachi,p_77,6.32,2,2023-03-02 17:00:00
1458,Quetta,p_53,13.46,0,2023-03-02 18:00:00
1459,Lahore,p_85,17.45,1,2023-03-02 19:00:00
1460,Peshawar,p_7,17.2,1,2023-03-02 20:00:00
1461,Peshawar,p_9,7.45,5,2023-03-02 21:00:00
1462,Islamabad,p_15,27.57,2,2023-03-02 22:00:00
1463,Islamabad,p_14,18.35,1,2023-03-02 23:00:00
1464,Peshawar,p_40,45.86,0,2023-03-03 00:00:00
1465,Quetta,p_61,4.55,2,2023-03-03 01:00:00
1466,Peshawar,p_22,21.02,4,2023-03-03 02:00:00
1467,Karachi,p_91,6.77,2,2023-03-03 03:00:00
1468,Islamabad,p_30,58.48,3,2023-03-03 04:00:00
1469,Lahore,p_29,8.97,3,2023-03-03 05:00:00
1470,Karachi,p_59,5.58,1,2023-03-03 06:00:00
1471,Quetta,p_5,4.39,1,2023-03-03 07:00:00
1472,Karachi,p_62,11.23,3,2023-03-03 08:00:00
1473,Karachi,p_39,16.73,4,2023-03-03 09:00:00
1474,Peshawar,p_13,5.73,1,2023-03-03 10:00:00
1475,Peshawar,p_57,8.73,3,2023-03-03 11:00:00
1476,Peshawar,p_26,23.22,3,2023-03-03 12:00:00
1477,Islamabad,p_89,31.76,4,2023-03-03 13:00:00
1478,Peshawar,p_11,36.57,3,2023-03-03 14:00:00
1479,Peshawar,p_21,93.48,4,2023-03-03 15:00:00
1480,Lahore,p_7,2.42,6,2023-03-03 16:00:00
1481,Peshawar,p_14,46.05,2,2023-03-03 17:00:00
1482,Quetta,p_62,25.79,2,2023-03-03 18:00:00
1483,Karachi,p_33,12.22,5,2023-03-03 19:00:00
1484,Peshawar,p_95,9.98,3,2023-03-03 20:00:00
1485,Quetta,p_35,7.83,4,2023-03-03 21:00:00
1486,Peshawar,p_3,9.24,0,2023-03-03 22:00:00
1487,Karachi,p_22,37.59,1,2023-03-03 23:00:00
1488,Karachi,p_52,6.05,2,2023-03-04 00:00:00
1489,Lahore,p_94,70.76,2,2023-03-04 01:00:00
1490,Quetta,p_97,10.99,1,2023-03-04 02:00:00
1491,Islamabad,p_90,94.25,4,2023-03-04 03:00:00
1492,Islamabad,p_43,10.7,2,2023-03-04 04:00:00
1493,Islamabad,p_29,37.68,2,2023-03-04 05:00:00
1494,Quetta,p_8,8.55,2,2023-03-04 06:00:00
1495,Peshawar,p_51,9.47,1,2023-03-04 07:00:00
1496,Karachi,p_57,11.8,6,2023-03-04 08:00:00
1497,Quetta,p_91,4.31,3,2023-03-04 09:00:00
1498,Islamabad,p_19,16.38,1,2023-03-04 10:00:00
1499,Lahore,p_71,56.71,2,2023-03-04 11:00:00
1500,Karachi,p_66,4.74,3,2023-03-04 12:00:00
1501,Quetta,p_30,48.9,7,2023-03-04 13:00:00
1502,Peshawar,p_6,4.01,0,2023-03-04 14:00:00
1503,Karachi,p_97,9.57,2,2023-03-04 15:00:00
1504,Karachi,p_3,103.43,2,2023-03-04 16:00:00
1505,Quetta,p_28,19.63,2,2023-03-04 17:00:00
1506,Karachi,p_94,22.87,2,2023-03-04 18:00:00
1507,Islamabad,p_67,24.29,1,2023-03-04 19:00:00
1508,Islamabad,p_11,4.86,2,2023-03-04 20:00:00
1509,Islamabad,p_43,91.92,3,2023-03-04 21:00:00
1510,Quetta,p_15,14.45,2,2023-03-04 22:00:00
1511,Quetta,p_19,11.39,1,2023-03-04 23:00:00
1512,Karachi,p_19,66.73,2,2023-03-05 00:00:00
1513,Lahore,p_1,7.03,1,2023-03-05 01:00:00
1514,Karachi,p_9,28.08,1,2023-03-05 02:00:00
1515,Karachi,p_24,5.43,1,2023-03-05 03:00:00
1516,Islamabad,p_15,26.55,5,2023-03-05 04:00:00
1517,Peshawar,p_35,1.8,2,2023-03-05 05:00:00
1518,Peshawar,p_89,31.69,3,2023-03-05 06:00:00
1519,Quetta,p_58,21.96,2,2023-03-05 07:00:00
1520,Karachi,p_40,12.83,2,2023-03-05 08:00:00
1521,Islamabad,p_80,72.08,3,2023-03-05 09:00:00
1522,Islamabad,p_46,36.7,2,2023-03-05 10:00:00
1523,Karachi,p_17,102.5,3,2023-03-05 11:00:00
1524,Quetta,p_16,37.45,0,2023-03-05 12:00:00
1525,Peshawar,p_29,67.67,3,2023-03-05 13:00:00
1526,Islamabad,p_64,6.3,5,2023-03-05 14:00:00
1527,Lahore,p_83,77.2,3,2023-03-05 15:00:00
1528,Karachi,p_80,11.49,2,2023-03-05 16:00:00
1529,Islamabad,p_14,28.68,5,2023-03-05 17:00:00
1530,Karachi,p_66,35.29,0,2023-03-05 18:00:00
1531,Quetta,p_19,37.53,2,2023-03-05 19:00:00
1532,Lahore,p_34,25.7,1,2023-03-05 20:00:00
1533,Karachi,p_21,24.78,9,2023-03-05 21:00:00
1534,Lahore,p_45,25.3,1,2023-03-05 22:00:00
1535,Karachi,p_25,3.28,2,2023-03-05 23:00:00
1536,Lahore,p_10,48.55,2,2023-03-06 00:00:00
1537,Peshawar,p_32,14.2,0,2023-03-06 01:00:00
1538,Quetta,p_24,19.37,0,2023-03-06 02:00:00
1539,Islamabad,p_36,8.1,3,2023-03-06 03:00:00
1540,Lahore,p_94,6.09,1,2023-03-06 04:00:00
1541,Islamabad,p_88,22.18,3,2023-03-06 05:00:00
1542,Lahore,p_53,13.17,3,2023-03-06 06:00:00
1543,Lahore,p_85,51.21,1,2023-03-06 07:00:00
1544,Islamabad,p_75,44.73,2,2023-03-06 08:00:00
1545,Peshawar,p_16,13.57,3,2023-03-06 09:00:00
1546,Islamabad,p_82,39.52,0,2023-03-06 10:00:00
1547,Peshawar,p_17,25.98,1,2023-03-06 11:00:00
1548,Quetta,p_18,17.26,1,2023-03-06 12:00:00
1549,Lahore,p_29,20.02,2,2023-03-06 13:00:00
1550,Quetta,p_0,5.0,2,2023-03-06 14:00:00
1551,Lahore,p_34,20.72,3,2023-03-06 15:00:00
1552,Islamabad,p_88,13.03,2,2023-03-06 16:00:00
1553,Lahore,p_46,24.3,2,2023-03-06 17:00:00
1554,Islamabad,p_51,11.55,3,2023-03-06 18:00:00
1555,Lahore,p_32,12.71,2,2023-03-06 19:00:00
1556,Peshawar,p_84,14.1,0,2023-03-06 20:00:00
1557,Islamabad,p_76,6.73,1,2023-03-06 21:00:00
1558,Lahore,p_45,29.94,2,2023-03-06 22:00:00
1559,Lahore,p_32,33.94,4,2023-03-06 23:00:00
1560,Peshawar,p_14,6.12,0,2023-03-07 00:00:00
1561,Peshawar,p_20,7.25,1,2023-03-07 01:00:00
1562,Karachi,p_6,32.58,2,2023-03-07 02:00:00
1563,Karachi,p_91,15.68,1,2023-03-07 03:00:00
1564,Islamabad,p_68,19.84,2,2023-03-07 04:00:00
1565,Lahore,p_34,11.12,2,2023-03-07 05:00:00
1566,Islamabad,p_24,21.76,3,2023-03-07 06:00:00
1567,Quetta,p_37,7.65,0,2023-03-07 07:00:00
1568,Peshawar,p_50,5.68,3,2023-03-07 08:00:00
1569,Karachi,p_4,8.66,0,2023-03-07 09:00:00
1570,Islamabad,p_52,66.42,1,2023-03-07 10:00:00
1571,Quetta,p_62,7.06,2,2023-03-07 11:00:00
1572,Lahore,p_43,12.97,0,2023-03-07 12:00:00
1573,Karachi,p_35,24.05,2,2023-03-07 13:00:00
1574,Lahore,p_83,18.71,1,2023-03-07 14:00:00
1575,Quetta,p_66,34.72,1,2023-03-07 15:00:00
1576,Quetta,p_19,21.31,2,2023-03-07 16:00:00
1577,Lahore,p_89,33.11,1,2023-03-07 17:00:00
1578,Karachi,p_5,15.58,5,2023-03-07 18:00:00
1579,Quetta,p_26,14.27,2,2023-03-07 19:00:00
1580,Lahore,p_60,25.07,5,2023-03-07 20:00:00
1581,Lahore,p_52,24.11,0,2023-03-07 21:00:00
1582,Karachi,p_79,30.35,1,2023-03-07 22:00:00
1583,Islamabad,p_59,19.21,1,2023-03-07 23:00:00
1584,Quetta,p_9,22.23,6,2023-03-08 00:00:00
1585,Quetta,p_85,3.34,4,2023-03-08 01:00:00
1586,Islamabad,p_91,5.94,1,2023-03-08 02:00:00
1587,Islamabad,p_1,91.41,2,2023-03-08 03:00:00
1588,Karachi,p_1,19.31,2,2023-03-08 04:00:00
1589,Islamabad,p_53,25.52,0,2023-03-08 05:00:00
1590,Karachi,p_48,7.19,2,2023-03-08 06:00:00
1591,Lahore,p_67,21.36,1,2023-03-08 07:00:00
1592,Karachi,p_21,30.93,3,2023-03-08 08:00:00
1593,Lahore,p_63,34.54,0,2023-03-08 09:00:00
1594,Karachi,p_43,13.49,2,2023-03-08 10:00:00
1595,Quetta,p_33,17.77,2,2023-03-08 11:00:00
1596,Quetta,p_16,43.49,2,2023-03-08 12:00:00
1597,Peshawar,p_96,11.21,1,2023-03-08 13:00:00
1598,Islamabad,p_38,24.32,5,2023-03-08 14:00:00
1599,Islamabad,p_83,177.49,1,2023-03-08 15:00:00
1600,Quetta,p_9,12.83,3,2023-03-08 16:00:00
1601,Islamabad,p_32,11.21,3,2023-03-08 17:00:00
1602,Quetta,p_51,15.95,3,2023-03-08 18:00:00
1603,Peshawar,p_29,6.0,2,2023-03-08 19:00:00
1604,Lahore,p_56,45.34,2,2023-03-08 20:00:00
1605,Islamabad,p_13,30.02,0,2023-03-08 21:00:00
1606,Karachi,p_68,10.93,2,2023-03-08 22:00:00
1607,Lahore,p_59,9.08,3,2023-03-08 23:00:00
1608,Quetta,p_77,18.9,4,2023-03-09 00:00:00
1609,Karachi,p_49,12.61,0,2023-03-09 01:00:00
1610,Quetta,p_78,16.38,1,2023-03-09 02:00:00
1611,Peshawar,p_62,28.16,3,2023-03-09 03:00:00
1612,Lahore,p_91,13.81,0,2023-03-09 04:00:00
1613,Karachi,p_39,15.7,3,2023-03-09 05:00:00
1614,Quetta,p_19,7.45,3,2023-03-09 06:00:00
1615,Quetta,p_16,66.79,5,2023-03-09 07:00:00
1616,Islamabad,p_75,24.58,4,2023-03-09 08:00:00
1617,Quetta,p_72,30.78,3,2023-03-09 09:00:00
1618,Lahore,p_20,34.93,1,2023-03-09 10:00:00
1619,Lahore,p_16,33.23,2,2023-03-09 11:00:00
1620,Islamabad,p_97,17.3,2,2023-03-09 12:00:00
1621,Quetta,p_36,29.64,0,2023-03-09 13:00:00
1622,Karachi,p_38,4.34,4,2023-03-09 14:00:00
1623,Islamabad,p_27,21.4,1,2023-03-09 15:00:00
1624,Peshawar,p_33,25.25,0,2023-03-09 16:00:00
1625,Peshawar,p_4,48.77,2,2023-03-09 17:00:00
1626,Karachi,p_46,41.1,1,2023-03-09 18:00:00
1627,Quetta,p_97,12.29,0,2023-03-09 19:00:00
1628,Peshawar,p_48,11.92,1,2023-03-09 20:00:00
1629,Peshawar,p_83,11.95,4,2023-03-09 21:00:00
1630,Quetta,p_3,0.91,2,2023-03-09 22:00:00
1631,Karachi,p_70,11.97,1,2023-03-09 23:00:00
1632,Peshawar,p_86,53.18,2,2023-03-10 00:00:00
1633,Peshawar,p_34,51.3,1,2023-03-10 01:00:00
1634,Lahore,p_7,88.1,3,2023-03-10 02:00:00
1635,Quetta,p_2,44.57,1,2023-03-10 03:00:00
1636,Karachi,p_30,57.87,1,2023-03-10 04:00:00
1637,Lahore,p_27,17.47,5,2023-03-10 05:00:00
1638,Quetta,p_0,33.97,1,2023-03-10 06:00:00
1639,Peshawar,p_3,25.19,4,2023-03-10 07:00:00
1640,Peshawar,p_12,58.93,4,2023-03-10 08:00:00
1641,Quetta,p_19,51.55,2,2023-03-10 09:00:00
1642,Islamabad,p_86,38.68,2,2023-03-10 10:00:00
1643,Quetta,p_37,9.56,0,2023-03-10 11:00:00
1644,Lahore,p_16,72.76,3,2023-03-10 12:00:00
1645,Lahore,p_56,3.39,3,2023-03-10 13:00:00
1646,Peshawar,p_11,5.36,2,2023-03-10 14:00:00
1647,Islamabad,p_26,11.1,5,2023-03-10 15:00:00
1648,Lahore,p_83,17.7,0,2023-03-10 16:00:00
1649,Islamabad,p_90,9.12,3,2023-03-10 17:00:00
1650,Karachi,p_49,63.57,3,2023-03-10 18:00:00
1651,Peshawar,p_46,12.72,0,2023-03-10 19:00:00
1652,Islamabad,p_97,33.29,5,2023-03-10 20:00:00
1653,Lahore,p_32,142.7,0,2023-03-10 21:00:00
1654,Quetta,p_53,12.9,1,2023-03-10 22:00:00
1655,Lahore,p_43,1.88,3,2023-03-10 23:00:00
1656,Karachi,p_78,7.83,2,2023-03-11 00:00:00
1657,Islamabad,p_12,111.75,2,2023-03-11 01:00:00
1658,Islamabad,p_14,33.99,1,2023-03-11 02:00:00
1659,Islamabad,p_26,46.57,2,2023-03-11 03:00:00
1660,Quetta,p_16,19.79,1,2023-03-11 04:00:00
1661,Islamabad,p_4,15.44,1,2023-03-11 05:00:00
1662,Islamabad,p_20,14.58,1,2023-03-11 06:00:00
1663,Quetta,p_42,13.81,4,2023-03-11 07:00:00
1664,Karachi,p_60,6.9,0,2023-03-11 08:00:00
1665,Islamabad,p_42,44.87,0,2023-03-11 09:00:00
1666,Peshawar,p_4,26.68,1,2023-03-11 10:00:00
1667,Karachi,p_35,37.54,5,2023-03-11 11:00:00
1668,Lahore,p_10,6.65,4,2023-03-11 12:00:00
1669,Lahore,p_21,7.36,2,2023-03-11 13:00:00
1670,Lahore,p_9,23.91,1,2023-03-11 14:00:00
1671,Lahore,p_30,10.12,7,2023-03-11 15:00:00
1672,Quetta,p_83,18.38,3,2023-03-11 16:00:00
1673,Lahore,p_66,29.52,1,2023-03-11 17:00:00
1674,Peshawar,p_89,10.88,2,2023-03-11 18:00:00
1675,Peshawar,p_45,32.41,1,2023-03-11 19:00:00
1676,Karachi,p_68,7.28,1,2023-03-11 20:00:00
1677,Islamabad,p_52,12.07,1,2023-03-11 21:00:00
1678,Karachi,p_60,7.07,2,2023-03-11 22:00:00
1679,Karachi,p_85,5.49,1,2023-03-11 23:00:00
1680,Islamabad,p_0,47.86,1,2023-03-12 00:00:00
1681,Islamabad,p_53,147.63,3,2023-03-12 01:00:00
1682,Islamabad,p_14,12.58,1,2023-03-12 02:00:00
1683,Lahore,p_53,29.83,3,2023-03-12 03:00:00
1684,Quetta,p_21,10.28,2,2023-03-12 04:00:00
1685,Islamabad,p_80,358.2,0,2023-03-12 05:00:00
1686,Lahore,p_32,17.86,3,2023-03-12 06:00:00
1687,Islamabad,p_49,12.64,2,2023-03-12 07:00:00
1688,Peshawar,p_36,10.68,1,2023-03-12 08:00:00
1689,Islamabad,p_83,26.62,1,2023-03-12 09:00:00
1690,Quetta,p_55,30.1,2,2023-03-12 10:00:00
1691,Quetta,p_0,14.02,2,2023-03-12 11:00:00
1692,Islamabad,p_36,11.82,2,2023-03-12 12:00:00
1693,Peshawar,p_30,32.46,1,2023-03-12 13:00:00
1694,Islamabad,p_71,19.7,1,2023-03-12 14:00:00
1695,Karachi,p_34,20.92,1,2023-03-12 15:00:00
1696,Lahore,p_16,5.4,4,2023-03-12 16:00:00
1697,Karachi,p_75,21.68,1,2023-03-12 17:00:00
1698,Lahore,p_23,4.1,4,2023-03-12 18:00:00
1699,Karachi,p_12,3.69,3,2023-03-12 19:00:00
1700,Peshawar,p_4,15.17,1,2023-03-12 20:00:00
1701,Islamabad,p_80,67.36,3,2023-03-12 21:00:00
1702,Lahore,p_51,7.75,2,2023-03-12 22:00:00
1703,Quetta,p_85,33.95,2,2023-03-12 23:00:00
1704,Quetta,p_77,21.21,3,2023-03-13 00:00:00
1705,Quetta,p_37,10.85,4,2023-03-13 01:00:00
1706,Quetta,p_69,12.46,3,2023-03-13 02:00:00
1707,Peshawar,p_55,62.59,0,2023-03-13 03:00:00
1708,Karachi,p_69,133.56,1,2023-03-13 04:00:00
1709,Lahore,p_31,15.42,2,2023-03-13 05:00:00
1710,Quetta,p_44,14.67,2,2023-03-13 06:00:00
1711,Peshawar,p_37,11.55,2,2023-03-13 07:00:00
1712,Lahore,p_44,10.12,4,2023-03-13 08:00:00
1713,Karachi,p_14,10.64,2,2023-03-13 09:00:00
1714,Peshawar,p_63,8.29,1,2023-03-13 10:00:00
1715,Quetta,p_44,11.86,4,2023-03-13 11:00:00
1716,Islamabad,p_62,11.71,0,2023-03-13 12:00:00
1717,Quetta,p_42,1.23,3,2023-03-13 13:00:00
1718,Lahore,p_0,26.15,3,2023-03-13 14:00:00
1719,Peshawar,p_76,9.18,2,2023-03-13 15:00:00
1720,Islamabad,p_61,16.95,1,2023-03-13 16:00:00
1721,Quetta,p_39,8.04,3,2023-03-13 17:00:00
1722,Islamabad,p_65,13.21,1,2023-03-13 18:00:00
1723,Lahore,p_41,15.14,0,2023-03-13 19:00:00
1724,Peshawar,p_80,36.25,4,2023-03-13 20:00:00
1725,Quetta,p_42,18.47,2,2023-03-13 21:00:00
1726,Karachi,p_76,10.42,1,2023-03-13 22:00:00
1727,Quetta,p_15,56.49,0,2023-03-13 23:00:00
1728,Peshawar,p_54,42.51,4,2023-03-14 00:00:00
1729,Quetta,p_40,25.67,0,2023-03-14 01:00:00
1730,Peshawar,p_50,4.18,0,2023-03-14 02:00:00
1731,Lahore,p_76,150.59,5,2023-03-14 03:00:00
1732,Islamabad,p_52,6.64,4,2023-03-14 04:00:00
1733,Quetta,p_19,4.83,1,2023-03-14 05:00:00
1734,Karachi,p_55,16.58,2,2023-03-14 06:00:00
1735,Islamabad,p_26,10.21,0,2023-03-14 07:00:00
1736,Karachi,p_47,44.93,2,2023-03-14 08:00:00
1737,Islamabad,p_93,14.92,1,2023-03-14 09:00:00
1738,Quetta,p_42,79.42,1,2023-03-14 10:00:00
1739,Islamabad,p_48,16.8,2,2023-03-14 11:00:00
1740,Quetta,p_50,11.4,1,2023-03-14 12:00:00
1741,Islamabad,p_79,94.97,6,2023-03-14 13:00:00
1742,Peshawar,p_87,5.98,3,2023-03-14 14:00:00
1743,Peshawar,p_97,13.63,2,2023-03-14 15:00:00
1744,Islamabad,p_26,38.23,0,2023-03-14 16:00:00
1745,Karachi,p_38,47.47,3,2023-03-14 17:00:00
1746,Karachi,p_50,10.8,3,2023-03-14 18:00:00
1747,Islamabad,p_54,12.04,1,2023-03-14 19:00:00
1748,Peshawar,p_86,3.55,6,2023-03-14 20:00:00
1749,Islamabad,p_0,2.43,3,2023-03-14 21:00:00
1750,Peshawar,p_61,59.49,1,2023-03-14 22:00:00
1751,Islamabad,p_30,59.95,0,2023-03-14 23:00:00
1752,Karachi,p_69,39.5,2,2023-03-15 00:00:00
1753,Karachi,p_98,21.02,2,2023-03-15 01:00:00
1754,Peshawar,p_2,12.51,2,2023-03-15 02:00:00
1755,Lahore,p_31,45.73,5,2023-03-15 03:00:00
1756,Quetta,p_75,14.18,1,2023-03-15 04:00:00
1757,Quetta,p_64,62.51,1,2023-03-15 05:00:00
1758,Islamabad,p_11,12.47,4,2023-03-15 06:00:00
1759,Lahore,p_52,21.34,2,2023-03-15 07:00:00
1760,Islamabad,p_39,22.07,1,2023-03-15 08:00:00
1761,Quetta,p_0,7.19,5,2023-03-15 09:00:00
1762,Peshawar,p_83,56.86,0,2023-03-15 10:00:00
1763,Karachi,p_28,25.56,4,2023-03-15 11:00:00
1764,Peshawar,p_33,3.79,2,2023-03-15 12:00:00
1765,Islamabad,p_25,10.99,2,2023-03-15 13:00:00
1766,Peshawar,p_78,38.84,2,2023-03-15 14:00:00
1767,Peshawar,p_60,4.06,4,2023-03-15 15:00:00
1768,Islamabad,p_37,11.55,3,2023-03-15 16:00:00
1769,Islamabad,p_77,18.71,0,2023-03-15 17:00:00
1770,Quetta,p_42,38.36,5,2023-03-15 18:00:00
1771,Islamabad,p_59,10.19,2,2023-03-15 19:00:00
1772,Lahore,p_11,30.32,4,2023-03-15 20:00:00
1773,Quetta,p_62,16.16,1,2023-03-15 21:00:00
1774,Quetta,p_65,28.12,1,2023-03-15 22:00:00
1775,Peshawar,p_54,14.67,1,2023-03-15 23:00:00
1776,Karachi,p_55,17.19,1,2023-03-16 00:00:00
1777,Lahore,p_18,9.99,1,2023-03-16 01:00:00
1778,Quetta,p_77,26.03,4,2023-03-16 02:00:00
1779,Peshawar,p_32,34.32,3,2023-03-16 03:00:00
1780,Quetta,p_26,27.69,1,2023-03-16 04:00:00
1781,Peshawar,p_56,8.85,1,2023-03-16 05:00:00
1782,Karachi,p_53,9.74,3,2023-03-16 06:00:00
1783,Lahore,p_34,34.97,1,2023-03-16 07:00:00
1784,Islamabad,p_20,68.25,1,2023-03-16 08:00:00
1785,Quetta,p_28,53.29,1,2023-03-16 09:00:00
1786,Islamabad,p_68,16.91,2,2023-03-16 10:00:00
1787,Peshawar,p_85,73.7,2,2023-03-16 11:00:00
1788,Islamabad,p_19,60.95,4,2023-03-16 12:00:00
1789,Karachi,p_29,14.33,2,2023-03-16 13:00:00
1790,Lahore,p_89,16.33,2,2023-03-16 14:00:00
1791,Karachi,p_35,28.5,5,2023-03-16 15:00:00
1792,Quetta,p_14,27.73,0,2023-03-16 16:00:00
1793,Lahore,p_20,18.09,5,2023-03-16 17:00:00
1794,Lahore,p_81,5.59,2,2023-03-16 18:00:00
1795,Quetta,p_54,11.48,3,2023-03-16 19:00:00
1796,Karachi,p_83,23.71,4,2023-03-16 20:00:00
1797,Karachi,p_28,41.56,1,2023-03-16 21:00:00
1798,Lahore,p_34,30.07,0,2023-03-16 22:00:00
1799,Lahore,p_36,6.48,0,2023-03-16 23:00:00
1800,Karachi,p_66,82.13,1,2023-03-17 00:00:00
1801,Peshawar,p_50,36.8,4,2023-03-17 01:00:00
1802,Lahore,p_1,13.78,2,2023-03-17 02:00:00
1803,Peshawar,p_19,0.49,0,2023-03-17 03:00:00
1804,Quetta,p_57,6.71,0,2023-03-17 04:00:00
1805,Lahore,p_71,22.14,1,2023-03-17 05:00:00
1806,Karachi,p_73,5.6,0,2023-03-17 06:00:00
1807,Lahore,p_71,5.87,3,2023-03-17 07:00:00
1808,Peshawar,p_61,3.73,1,2023-03-17 08:00:00
1809,Islamabad,p_25,6.49,4,2023-03-17 09:00:00
1810,Islamabad,p_73,8.74,4,2023-03-17 10:00:00
1811,Islamabad,p_63,10.16,3,2023-03-17 11:00:00
1812,Lahore,p_28,10.66,2,2023-03-17 12:00:00
1813,Lahore,p_12,15.69,1,2023-03-17 13:00:00
1814,Islamabad,p_11,12.86,2,2023-03-17 14:00:00
1815,Peshawar,p_48,19.62,3,2023-03-17 15:00:00
1816,Islamabad,p_22,17.97,2,2023-03-17 16:00:00
1817,Lahore,p_14,7.88,3,2023-03-17 17:00:00
1818,Karachi,p_17,3.46,4,2023-03-17 18:00:00
1819,Peshawar,p_40,17.83,0,2023-03-17 19:00:00
1820,Peshawar,p_85,109.81,0,2023-03-17 20:00:00
1821,Karachi,p_88,16.24,3,2023-03-17 21:00:00
1822,Karachi,p_77,29.05,6,2023-03-17 22:00:00
1823,Islamabad,p_8,23.69,3,2023-03-17 23:00:00
1824,Islamabad,p_52,25.63,1,2023-03-18 00:00:00
1825,Karachi,p_10,20.56,1,2023-03-18 01:00:00
1826,Karachi,p_51,5.56,3,2023-03-18 02:00:00
1827,Karachi,p_18,14.93,2,2023-03-18 03:00:00
1828,Karachi,p_67,8.42,2,2023-03-18 04:00:00
1829,Islamabad,p_79,20.82,3,2023-03-18 05:00:00
1830,Karachi,p_72,18.23,3,2023-03-18 06:00:00
1831,Karachi,p_99,5.47,1,2023-03-18 07:00:00
1832,Lahore,p_22,7.31,4,2023-03-18 08:00:00
1833,Lahore,p_6,37.89,5,2023-03-18 09:00:00
1834,Karachi,p_89,8.17,1,2023-03-18 10:00:00
1835,Karachi,p_8,93.93,3,2023-03-18 11:00:00
1836,Karachi,p_92,13.07,1,2023-03-18 12:00:00
1837,Lahore,p_88,8.36,0,2023-03-18 13:00:00
1838,Quetta,p_68,9.96,1,2023-03-18 14:00:00
1839,Lahore,p_56,17.36,3,2023-03-18 15:00:00
1840,Quetta,p_82,10.45,3,2023-03-18 16:00:00
1841,Peshawar,p_26,33.26,1,2023-03-18 17:00:00
1842,Karachi,p_29,24.01,0,2023-03-18 18:00:00
1843,Quetta,p_35,6.43,2,2023-03-18 19:00:00
1844,Lahore,p_98,23.28,2,2023-03-18 20:00:00
1845,Lahore,p_12,14.45,0,2023-03-18 21:00:00
1846,Quetta,p_62,29.84,2,2023-03-18 22:00:00
1847,Peshawar,p_18,60.48,2,2023-03-18 23:00:00
1848,Karachi,p_96,7.59,2,2023-03-19 00:00:00
1849,Lahore,p_83,19.19,3,2023-03-19 01:00:00
1850,Islamabad,p_57,29.64,3,2023-03-19 02:00:00
1851,Lahore,p_54,35.22,4,2023-03-19 03:00:00
1852,Quetta,p_16,18.45,5,2023-03-19 04:00:00
1853,Peshawar,p_20,11.37,4,2023-03-19 05:00:00
1854,Islamabad,p_0,34.89,2,2023-03-19 06:00:00
1855,Quetta,p_62,17.76,0,2023-03-19 07:00:00
1856,Peshawar,p_36,4.14,6,2023-03-19 08:00:00
1857,Karachi,p_34,5.23,3,2023-03-19 09:00:00
1858,Islamabad,p_18,13.87,1,2023-03-19 10:00:00
1859,Peshawar,p_70,31.33,3,2023-03-19 11:00:00
1860,Peshawar,p_69,77.06,1,2023-03-19 12:00:00
1861,Peshawar,p_23,14.44,1,2023-03-19 13:00:00
1862,Karachi,p_54,2.24,1,2023-03-19 14:00:00
1863,Karachi,p_86,15.38,2,2023-03-19 15:00:00
1864,Lahore,p_33,7.87,1,2023-03-19 16:00:00
1865,Karachi,p_9,17.08,4,2023-03-19 17:00:00
1866,Peshawar,p_83,26.56,2,2023-03-19 18:00:00
1867,Quetta,p_84,87.05,2,2023-03-19 19:00:00
1868,Karachi,p_37,4.32,3,2023-03-19 20:00:00
1869,Lahore,p_61,12.61,5,2023-03-19 21:00:00
1870,Quetta,p_30,20.43,4,2023-03-19 22:00:00
1871,Karachi,p_69,15.45,1,2023-03-19 23:00:00
1872,Karachi,p_41,10.16,5,2023-03-20 00:00:00
1873,Islamabad,p_98,20.37,2,2023-03-20 01:00:00
1874,Lahore,p_23,365.52,0,2023-03-20 02:00:00
1875,Quetta,p_34,3.65,1,2023-03-20 03:00:00
1876,Islamabad,p_39,22.13,3,2023-03-20 04:00:00
1877,Lahore,p_37,3.48,4,2023-03-20 05:00:00
1878,Karachi,p_24,20.56,2,2023-03-20 06:00:00
1879,Lahore,p_40,56.94,1,2023-03-20 07:00:00
1880,Islamabad,p_33,24.2,5,2023-03-20 08:00:00
1881,Peshawar,p_93,79.41,1,2023-03-20 09:00:00
1882,Karachi,p_67,53.17,1,2023-03-20 10:00:00
1883,Quetta,p_38,5.38,6,2023-03-20 11:00:00
1884,Karachi,p_95,4.46,0,2023-03-20 12:00:00
1885,Quetta,p_78,30.49,3,2023-03-20 13:00:00
1886,Peshawar,p_40,7.42,2,2023-03-20 14:00:00
1887,Peshawar,p_62,22.83,0,2023-03-20 15:00:00
1888,Karachi,p_19,41.15,2,2023-03-20 16:00:00
1889,Islamabad,p_27,28.19,3,2023-03-20 17:00:00
1890,Lahore,p_75,13.94,0,2023-03-20 18:00:00
1891,Karachi,p_47,13.09,3,2023-03-20 19:00:00
1892,Quetta,p_23,35.31,0,2023-03-20 20:00:00
1893,Quetta,p_93,54.17,2,2023-03-20 21:00:00
1894,Karachi,p_84,109.83,4,2023-03-20 22:00:00
1895,Lahore,p_51,14.83,1,2023-03-20 23:00:00
1896,Islamabad,p_67,19.08,1,2023-03-21 00:00:00
1897,Quetta,p_5,21.68,3,2023-03-21 01:00:00
1898,Islamabad,p_9,20.01,1,2023-03-21 02:00:00
1899,Islamabad,p_97,47.29,0,2023-03-21 03:00:00
1900,Peshawar,p_85,18.63,2,2023-03-21 04:00:00
1901,Peshawar,p_5,125.5,4,2023-03-21 05:00:00
1902,Peshawar,p_71,47.9,5,2023-03-21 06:00:00
1903,Islamabad,p_84,27.72,2,2023-03-21 07:00:00
1904,Islamabad,p_29,7.87,2,2023-03-21 08:00:00
1905,Islamabad,p_53,7.01,3,2023-03-21 09:00:00
1906,Quetta,p_15,12.66,1,2023-03-21 10:00:00
1907,Karachi,p_13,2.63,1,2023-03-21 11:00:00
1908,Quetta,p_99,12.92,4,2023-03-21 12:00:00
1909,Peshawar,p_92,2.33,1,2023-03-21 13:00:00
1910,Islamabad,p_92,12.26,3,2023-03-21 14:00:00
1911,Islamabad,p_0,24.51,1,2023-03-21 15:00:00
1912,Peshawar,p_44,7.82,3,2023-03-21 16:00:00
1913,Peshawar,p_98,23.17,2,2023-03-21 17:00:00
1914,Peshawar,p_18,19.5,3,2023-03-21 18:00:00
1915,Peshawar,p_23,126.77,5,2023-03-21 19:00:00
1916,Karachi,p_63,2.91,1,2023-03-21 20:00:00
1917,Islamabad,p_97,24.28,2,2023-03-21 21:00:00
1918,Islamabad,p_52,21.59,3,2023-03-21 22:00:00
1919,Islamabad,p_40,27.98,1,2023-03-21 23:00:00
1920,Peshawar,p_87,13.79,1,2023-03-22 00:00:00
1921,Lahore,p_90,18.26,1,2023-03-22 01:00:00
1922,Lahore,p_92,6.87,2,2023-03-22 02:00:00
1923,Quetta,p_32,10.16,2,2023-03-22 03:00:00
1924,Islamabad,p_65,6.4,3,2023-03-22 04:00:00
1925,Islamabad,p_20,65.09,1,2023-03-22 05:00:00
1926,Peshawar,p_45,4.09,2,2023-03-22 06:00:00
1927,Lahore,p_84,3.28,2,2023-03-22 07:00:00
1928,Islamabad,p_88,26.35,1,2023-03-22 08:00:00
1929,Peshawar,p_26,103.46,0,2023-03-22 09:00:00
1930,Quetta,p_36,4.39,3,2023-03-22 10:00:00
1931,Karachi,p_64,15.19,2,2023-03-22 11:00:00
1932,Karachi,p_27,9.06,2,2023-03-22 12:00:00
1933,Lahore,p_95,8.27,1,2023-03-22 13:00:00
1934,Karachi,p_28,96.21,1,2023-03-22 14:00:00
1935,Karachi,p_78,30.85,2,2023-03-22 15:00:00
1936,Quetta,p_41,12.67,1,2023-03-22 16:00:00
1937,Quetta,p_4,12.09,1,2023-03-22 17:00:00
1938,Lahore,p_9,6.14,1,2023-03-22 18:00:00
1939,Peshawar,p_76,10.52,3,2023-03-22 19:00:00
1940,Peshawar,p_80,17.52,0,2023-03-22 20:00:00
1941,Islamabad,p_38,9.79,1,2023-03-22 21:00:00
1942,Lahore,p_71,3.59,3,2023-03-22 22:00:00
1943,Peshawar,p_67,26.46,2,2023-03-22 23:00:00
1944,Lahore,p_99,28.32,1,2023-03-23 00:00:00
1945,Lahore,p_70,29.98,2,2023-03-23 01:00:00
1946,Peshawar,p_33,15.53,3,2023-03-23 02:00:00
1947,Lahore,p_7,6.02,1,2023-03-23 03:00:00
1948,Peshawar,p_61,8.59,4,2023-03-23 04:00:00
1949,Quetta,p_76,11.49,0,2023-03-23 05:00:00
1950,Islamabad,p_57,66.35,1,2023-03-23 06:00:00
1951,Islamabad,p_7,3.62,0,2023-03-23 07:00:00
1952,Lahore,p_96,88.75,0,2023-03-23 08:00:00
1953,Quetta,p_72,38.48,0,2023-03-23 09:00:00
1954,Karachi,p_92,5.03,5,2023-03-23 10:00:00
1955,Islamabad,p_31,16.55,4,2023-03-23 11:00:00
1956,Islamabad,p_63,15.71,3,2023-03-23 12:00:00
1957,Lahore,p_13,54.35,0,2023-03-23 13:00:00
1958,Lahore,p_4,6.39,2,2023-03-23 14:00:00
1959,Islamabad,p_30,84.42,3,2023-03-23 15:00:00
1960,Islamabad,p_64,5.56,3,2023-03-23 16:00:00
1961,Peshawar,p_97,7.26,4,2023-03-23 17:00:00
1962,Karachi,p_18,10.58,0,2023-03-23 18:00:00
1963,Quetta,p_18,24.86,5,2023-03-23 19:00:00
1964,Karachi,p_48,77.45,2,2023-03-23 20:00:00
1965,Peshawar,p_10,17.43,4,2023-03-23 21:00:00
1966,Karachi,p_12,39.16,3,2023-03-23 22:00:00
1967,Islamabad,p_27,8.17,1,2023-03-23 23:00:00
1968,Quetta,p_94,9.78,2,2023-03-24 00:00:00
1969,Karachi,p_17,4.4,1,2023-03-24 01:00:00
1970,Islamabad,p_2,75.76,3,2023-03-24 02:00:00
1971,Quetta,p_63,16.43,1,2023-03-24 03:00:00
1972,Lahore,p_15,96.92,2,2023-03-24 04:00:00
1973,Peshawar,p_8,75.52,0,2023-03-24 05:00:00
1974,Peshawar,p_1,6.2,1,2023-03-24 06:00:00
1975,Quetta,p_91,14.52,2,2023-03-24 07:00:00
1976,Peshawar,p_37,25.71,0,2023-03-24 08:00:00
1977,Karachi,p_98,17.32,1,2023-03-24 09:00:00
1978,Lahore,p_68,3.11,2,2023-03-24 10:00:00
1979,Lahore,p_99,25.11,3,2023-03-24 11:00:00
1980,Peshawar,p_93,23.1,2,2023-03-24 12:00:00
1981,Karachi,p_33,12.4,7,2023-03-24 13:00:00
1982,Lahore,p_84,64.67,1,2023-03-24 14:00:00
1983,Lahore,p_46,22.96,3,2023-03-24 15:00:00
1984,Karachi,p_34,49.72,2,2023-03-24 16:00:00
1985,Lahore,p_19,60.7,1,2023-03-24 17:00:00
1986,Quetta,p_42,7.8,5,2023-03-24 18:00:00
1987,Lahore,p_14,29.48,3,2023-03-24 19:00:00
1988,Karachi,p_85,57.12,3,2023-03-24 20:00:00
1989,Karachi,p_75,11.83,2,2023-03-24 21:00:00
1990,Quetta,p_70,52.83,4,2023-03-24 22:00:00
1991,Lahore,p_71,13.96,1,2023-03-24 23:00:00
1992,Karachi,p_96,22.13,2,2023-03-25 00:00:00
1993,Peshawar,p_83,37.6,3,2023-03-25 01:00:00
1994,Islamabad,p_24,6.91,5,2023-03-25 02:00:00
1995,Islamabad,p_1,13.23,2,2023-03-25 03:00:00
1996,Karachi,p_49,16.2,1,2023-03-25 04:00:00
1997,Karachi,p_83,15.17,3,2023-03-25 05:00:00
1998,Islamabad,p_63,92.23,2,2023-03-25 06:00:00
1999,Islamabad,p_50,23.17,3,2023-03-25 07:00:00
